emp_id,first_name,last_name,email,gender,location,position
1,Jennine,Salmon,jsalmon0@nytimes.com,Female,Santana,Graphic Designer
2,Joelie,Eatttok,jeatttok1@dell.com,Female,Horní Čermná,Director of Sales
3,Tresa,Lambotin,tlambotin2@123-reg.co.uk,Female,Toulouse,VP Accounting
4,Northrup,Kenner,nkenner3@hugedomains.com,Male,Sobral da Abelheira,VP Marketing
5,Tabbie,Dunhill,tdunhill4@adobe.com,Male,Choushui,Occupational Therapist
6,Karylin,Pauel,kpauel5@is.gd,Female,Salogon,Accounting Assistant III
7,Grissel,Sibbe,gsibbe6@shop-pro.jp,Genderfluid,Shagang,Research Nurse
8,Doll,Rehme,drehme7@123-reg.co.uk,Female,Mateur,Help Desk Technician
9,Lennard,Seivwright,lseivwright8@icq.com,Male,Debar,Senior Editor
10,Row,Terne,rterne9@home.pl,Female,Shangwuzhuang,Actuary
11,Katlin,Coverlyn,kcoverlyna@oracle.com,Female,Cotovia,Design Engineer
12,Lanie,Tremblett,ltremblettb@miitbeian.gov.cn,Bigender,Dalubian,Research Nurse
13,Jacobo,Pawson,jpawsonc@cpanel.net,Male,Krajan Atas Suger Lor,General Manager
14,Olly,Fieldsend,ofieldsendd@so-net.ne.jp,Male,Banjar Teguan,Web Designer II
15,Lorianne,Madgwick,lmadgwicke@oracle.com,Female,Perpignan,Registered Nurse
16,Bee,Klimushev,bklimushevf@posterous.com,Female,Kaizuka,Executive Secretary
17,Taddeo,Cullnean,tcullneang@yale.edu,Male,Colonia Nicolich,Administrative Assistant I
18,Cristiano,Shallo,cshalloh@who.int,Male,Guataquí,Staff Accountant IV
19,Ferdy,Stote,fstotei@go.com,Male,Bemposta,Senior Cost Accountant
20,Dav,Pyatt,dpyattj@elegantthemes.com,Male,Požarevac,Design Engineer
21,Sherwood,Sainer,ssainerk@bing.com,Male,Makui,Paralegal
22,Tarra,Baldick,tbaldickl@canalblog.com,Female,Tongshanxiang,Chemical Engineer
23,Dale,Koppen,dkoppenm@blinklist.com,Male,Tosno,Actuary
24,Emmi,Denington,edeningtonn@free.fr,Female,Thị Trấn Mỹ Lộc,Compensation Analyst
25,Raffaello,Cuttell,rcuttello@theatlantic.com,Male,Leles,Social Worker
26,Willie,Knellen,wknellenp@unblog.fr,Male,Jinhe,Administrative Officer
27,Berta,Dedrick,bdedrickq@java.com,Female,Matangpayang,Account Executive
28,Northrop,Laurenson,nlaurensonr@upenn.edu,Male,Miaoqian,Senior Editor
29,Lindsay,Madgewick,lmadgewicks@dailymail.co.uk,Non-binary,Fengyang,Staff Scientist
30,Andras,Elcom,aelcomt@yellowbook.com,Male,Blon’,Software Test Engineer III
31,Hans,Bernon,hbernonu@oakley.com,Male,Shnogh,Desktop Support Technician
32,Bernie,Mapstone,bmapstonev@prnewswire.com,Bigender,Salt Lake City,Sales Associate
33,Riki,Hows,rhowsw@51.la,Female,Abeokuta,Account Representative II
34,Wake,Label,wlabelx@constantcontact.com,Male,Carig,Information Systems Manager
35,Thor,Castanho,tcastanhoy@sfgate.com,Male,Babasakhib,Cost Accountant
36,Ethelred,Cassius,ecassiusz@vk.com,Male,Damai,Data Coordinator
37,Blair,Thunnercliffe,bthunnercliffe10@purevolume.com,Female,Sharïngol,Software Consultant
38,Levin,D'Agostini,ldagostini11@digg.com,Male,Huangdi,Staff Scientist
39,Lawton,Lohan,llohan12@phpbb.com,Male,Opoczno,Associate Professor
40,Pancho,Faithfull,pfaithfull13@pen.io,Male,Oropéndolas,Graphic Designer
41,Hiram,Gadsdon,hgadsdon14@rakuten.co.jp,Male,Hultsfred,Data Coordinator
42,Brand,Fernant,bfernant15@nih.gov,Male,Valdosta,Financial Advisor
43,Bree,Kief,bkief16@reddit.com,Female,Makata,Nuclear Power Engineer
44,Eloisa,Evason,eevason17@reference.com,Female,Rumbek,Dental Hygienist
45,Leon,Balsdon,lbalsdon18@upenn.edu,Male,Huyang,Assistant Professor
46,Burlie,Atchly,batchly19@studiopress.com,Male,Zhirnovsk,Staff Scientist
47,Maryanne,Mahomet,mmahomet1a@hexun.com,Female,San Pedro Carchá,Civil Engineer
48,Fleurette,Choppin,fchoppin1b@sakura.ne.jp,Non-binary,Uddevalla,Information Systems Manager
49,Perkin,Tomkys,ptomkys1c@vk.com,Male,Ibrā’,Recruiting Manager
50,Jeniece,Cranefield,jcranefield1d@ifeng.com,Female,Jiaowei,Graphic Designer
51,Cara,Etteridge,cetteridge1e@zimbio.com,Female,Alegre,Marketing Assistant
52,Peterus,Dowson,pdowson1f@upenn.edu,Male,Zhongxing,Senior Cost Accountant
53,Gwenette,Babin,gbabin1g@google.es,Female,Ipauçu,Nurse
54,Arabella,Heatly,aheatly1h@php.net,Polygender,Smyga,Staff Scientist
55,Irving,Exelby,iexelby1i@hp.com,Male,Irecê,Administrative Assistant III
56,Keir,Enterle,kenterle1j@ucla.edu,Male,Samut Prakan,Librarian
57,Rosaline,Gillingwater,rgillingwater1k@istockphoto.com,Female,Isnos,Social Worker
58,Hadleigh,Benezet,hbenezet1l@soundcloud.com,Male,Belverde,Software Engineer IV
59,Lark,Heningham,lheningham1m@hexun.com,Polygender,Limbo,Teacher
60,Cordy,Haskayne,chaskayne1n@taobao.com,Male,Fullerton,Analog Circuit Design manager
61,Gigi,Allicock,gallicock1o@sina.com.cn,Female,Yabēlo,Engineer IV
62,Clerissa,Davidde,cdavidde1p@opensource.org,Female,Provins,Computer Systems Analyst IV
63,Rowney,Slite,rslite1q@wix.com,Male,Moch,Project Manager
64,Mycah,Goschalk,mgoschalk1r@xrea.com,Male,El Cacao,Analog Circuit Design manager
65,Sydney,Imason,simason1s@howstuffworks.com,Female,Mae Lao,Help Desk Operator
66,Daniel,Sperry,dsperry1t@netvibes.com,Male,Alvaro Obregon,Dental Hygienist
67,Loydie,Grinyer,lgrinyer1u@ca.gov,Male,Ying’ebu,Safety Technician IV
68,Temp,D'Agostino,tdagostino1v@ycombinator.com,Male,Zbraslavice,Administrative Officer
69,Ximenes,Lomaz,xlomaz1w@opensource.org,Male,El Mirador,General Manager
70,Immanuel,Girardetti,igirardetti1x@state.tx.us,Male,San Juan Ixcoy,Quality Engineer
71,Enrika,Cheng,echeng1y@smugmug.com,Female,Bastan,Financial Analyst
72,Hort,Crielly,hcrielly1z@live.com,Male,Giesteira,Associate Professor
73,Gertrudis,Gladwell,ggladwell20@ft.com,Non-binary,Ojos de Agua,Junior Executive
74,Yule,Calafate,ycalafate21@tmall.com,Male,Zhosaly,Help Desk Operator
75,Bridget,Jeschner,bjeschner22@acquirethisname.com,Female,São Mateus,Director of Sales
76,Benjamin,Kearns,bkearns23@hibu.com,Male,Noşratābād,Desktop Support Technician
77,Evered,Faulder,efaulder24@digg.com,Male,Tyshkivka,Administrative Officer
78,Garrick,Santry,gsantry25@prnewswire.com,Male,Hispania,Teacher
79,Isadore,Yakebovich,iyakebovich26@foxnews.com,Male,Paris 07,Programmer II
80,Udale,Marioneau,umarioneau27@nsw.gov.au,Male,Rajapeni,Research Assistant I
81,Dew,Madgwick,dmadgwick28@google.es,Male,Blučina,Computer Systems Analyst III
82,Nick,Semeradova,nsemeradova29@storify.com,Male,Verkh-Usugli,Structural Analysis Engineer
83,Claudelle,Clinnick,cclinnick2a@acquirethisname.com,Female,Antsohihy,Environmental Specialist
84,Shandy,Maharry,smaharry2b@ftc.gov,Female,Puntarenas,Account Coordinator
85,Mureil,Greeve,mgreeve2c@upenn.edu,Female,Al Fuwayliq,Data Coordinator
86,Alano,Diwell,adiwell2d@digg.com,Male,Simi Valley,Marketing Manager
87,Ray,Feldbrin,rfeldbrin2e@ucla.edu,Male,Shuikou,Programmer IV
88,Osborn,Woolerton,owoolerton2f@arizona.edu,Male,Mateur,Internal Auditor
89,Carroll,Ayrton,cayrton2g@desdev.cn,Male,Gaogu,Marketing Assistant
90,Cornall,Crebott,ccrebott2h@blog.com,Male,Stoczek Łukowski,Clinical Specialist
91,Craig,Perchard,cperchard2i@accuweather.com,Male,Baiba,Pharmacist
92,Margo,MacMenemy,mmacmenemy2j@arizona.edu,Female,Krasnapollye,Dental Hygienist
93,Eula,Britland,ebritland2k@yelp.com,Female,El Valle del Espíritu Santo,Geologist IV
94,Lucas,Chopy,lchopy2l@spotify.com,Male,Glinka,Administrative Assistant III
95,Fredrika,Redihalgh,fredihalgh2m@smh.com.au,Female,Tuapukan,Senior Sales Associate
96,Edvard,Airton,eairton2n@yelp.com,Male,Trairi,Electrical Engineer
97,Edithe,Splevin,esplevin2o@cbsnews.com,Female,Paamiut,Programmer I
98,Bondon,Hanson,bhanson2p@smugmug.com,Male,Šavnik,Structural Engineer
99,Nicky,Carley,ncarley2q@google.nl,Female,Bayt Yāshūţ,Professor
100,Sig,Witcher,switcher2r@weather.com,Male,Kamenskiy,Software Engineer II
101,Bryce,Farrey,bfarrey2s@wikispaces.com,Male,Baoshan,Electrical Engineer
102,Amara,Cathee,acathee2t@privacy.gov.au,Female,Haduohe,Senior Cost Accountant
103,Elston,Kaliszewski,ekaliszewski2u@issuu.com,Male,Kiloloran,General Manager
104,Brittany,Bergstram,bbergstram2v@youku.com,Female,Mpika,Sales Associate
105,Renie,Beckford,rbeckford2w@jigsy.com,Female,Maglajani,Mechanical Systems Engineer
106,Morton,Oolahan,moolahan2x@ucoz.ru,Male,Huaidao,Programmer IV
107,Phillipe,Dykins,pdykins2y@163.com,Genderqueer,Changping,Analyst Programmer
108,Leah,Midden,lmidden2z@elpais.com,Female,Alburitel,Assistant Media Planner
109,Edouard,Middas,emiddas30@mlb.com,Male,Omigawa,Financial Advisor
110,Maria,Gowers,mgowers31@bandcamp.com,Female,Isla Pucú,Biostatistician I
111,Markus,McSweeney,mmcsweeney32@slideshare.net,Male,San Mateo,Editor
112,Ashley,Jiruca,ajiruca33@marriott.com,Female,El Calvario,Environmental Tech
113,Belva,Kernermann,bkernermann34@facebook.com,Bigender,Sabi,Media Manager I
114,Adrianna,Frankiewicz,afrankiewicz35@sakura.ne.jp,Female,Xieyang,Research Nurse
115,Evey,Godthaab,egodthaab36@jugem.jp,Female,Conceição do Araguaia,GIS Technical Architect
116,Nils,Jenk,njenk37@4shared.com,Male,Ts’khinvali,Business Systems Development Analyst
117,Reeba,Mouse,rmouse38@trellian.com,Female,Nadi,Executive Secretary
118,Ibbie,Sollime,isollime39@msn.com,Female,Na Yong,Geologist I
119,Meredeth,Collingworth,mcollingworth3a@telegraph.co.uk,Male,Ashton,Recruiter
120,Myrta,Olivelli,molivelli3b@goo.gl,Female,Phoenix,Financial Advisor
121,Garth,Russen,grussen3c@nymag.com,Male,Norrköping,Staff Scientist
122,Maurizio,Pimblett,mpimblett3d@tumblr.com,Male,Salegading,Help Desk Technician
123,Ethelbert,Giacopetti,egiacopetti3e@youku.com,Male,Alpiarça,Systems Administrator I
124,Sharia,Karpenko,skarpenko3f@springer.com,Female,Aizi,Internal Auditor
125,Jayson,Beachamp,jbeachamp3g@google.it,Male,Ljubno ob Savinji,Senior Financial Analyst
126,Julieta,Koschke,jkoschke3h@google.com,Female,Ailigandí,Senior Cost Accountant
127,Carlee,Latty,clatty3i@shop-pro.jp,Female,Terney,Nurse
128,Ethe,Jori,ejori3j@google.com.hk,Male,"Palmas De Gran Canaria, Las",Administrative Officer
129,Quentin,Shireff,qshireff3k@gizmodo.com,Male,Vysoké Mýto,Electrical Engineer
130,Shaylynn,Gillis,sgillis3l@pagesperso-orange.fr,Female,Argel,Analog Circuit Design manager
131,Jarred,Esch,jesch3m@friendfeed.com,Non-binary,Herby,Programmer Analyst I
132,Bevan,McKeller,bmckeller3n@moonfruit.com,Male,Skolkovo,Safety Technician IV
133,Saidee,Joseph,sjoseph3o@last.fm,Female,Seka,Web Designer III
134,Meir,Woolley,mwoolley3p@biglobe.ne.jp,Male,Sv. Anton,Project Manager
135,Katti,Polhill,kpolhill3q@harvard.edu,Female,Piedecuesta,Compensation Analyst
136,Joseito,Dobbie,jdobbie3r@apple.com,Male,Yanaoca,Recruiter
137,Ali,Toffetto,atoffetto3s@ehow.com,Female,Toktogul,Community Outreach Specialist
138,Mart,Boc,mboc3t@woothemes.com,Male,Caringin,Information Systems Manager
139,Burg,Spender,bspender3u@statcounter.com,Male,Kuala Baru,Payment Adjustment Coordinator
140,Beauregard,Gregine,bgregine3v@state.gov,Agender,Razumnoye,Quality Engineer
141,Aylmar,Robak,arobak3w@soundcloud.com,Male,La Rioja,Database Administrator I
142,Shurlock,Pethybridge,spethybridge3x@nymag.com,Male,Yuewan,Software Test Engineer III
143,Zsazsa,Tomkys,ztomkys3y@java.com,Female,Kalianda,Editor
144,Thornie,Fleming,tfleming3z@amazon.de,Male,Wieczfnia Kościelna,VP Accounting
145,Maurizia,Yalden,myalden40@google.cn,Female,Chalon-sur-Saône,Mechanical Systems Engineer
146,Maitilde,Datte,mdatte41@ebay.co.uk,Female,Huangyang,Assistant Manager
147,Clywd,Sprowle,csprowle42@ucoz.ru,Genderqueer,Charikar,VP Marketing
148,Meaghan,Orknay,morknay43@tiny.cc,Female,Krzeszów,Engineer I
149,Cory,Gosalvez,cgosalvez44@google.co.uk,Female,Krujë,Software Engineer IV
150,Julietta,Mattiassi,jmattiassi45@example.com,Genderfluid,Pámfylla,Recruiting Manager
151,Merell,Bauduin,mbauduin46@discuz.net,Male,Al ‘Āliyah,Budget/Accounting Analyst III
152,Alair,Stiles,astiles47@disqus.com,Male,Yangtan,Office Assistant IV
153,Jeniffer,Crotty,jcrotty48@diigo.com,Female,South Bend,Desktop Support Technician
154,Kalindi,Reditt,kreditt49@gravatar.com,Female,San Pa Tong,Desktop Support Technician
155,Evania,Juschke,ejuschke4a@shop-pro.jp,Non-binary,Pombas,VP Marketing
156,Anstice,Duke,aduke4b@adobe.com,Female,Sedlarevo,Statistician III
157,Brier,Yanin,byanin4c@yolasite.com,Female,Longgang,Occupational Therapist
158,Vita,Espinosa,vespinosa4d@cbsnews.com,Genderfluid,Weekaka,Project Manager
159,Glennie,Ceyssen,gceyssen4e@google.ru,Female,Hannover,Assistant Professor
160,Tobin,Pedden,tpedden4f@comsenz.com,Male,La Paz,Operator
161,Chelsie,Brendish,cbrendish4g@nyu.edu,Female,Panadura,Accountant I
162,Daryl,Blaxeland,dblaxeland4h@cnet.com,Female,Jincheng,Civil Engineer
163,Tisha,Preuvost,tpreuvost4i@sourceforge.net,Female,Brusyliv,Administrative Officer
164,Travers,Jammes,tjammes4j@columbia.edu,Male,Tianya,Human Resources Manager
165,Juli,Favill,jfavill4k@time.com,Female,Pereyaslav-Khmel’nyts’kyy,Account Executive
166,Jarib,Golde,jgolde4l@epa.gov,Male,Volovo,Account Coordinator
167,Rosmunda,Alyoshin,ralyoshin4m@ifeng.com,Female,Giồng Riềng,Speech Pathologist
168,Arlana,Balcock,abalcock4n@pagesperso-orange.fr,Female,Puning,Environmental Specialist
169,Felipe,Prestwich,fprestwich4o@php.net,Male,Singa,Pharmacist
170,Thelma,Fancutt,tfancutt4p@51.la,Female,Serra da Silveira,Structural Engineer
171,Tommi,Neachell,tneachell4q@privacy.gov.au,Female,Jembangan,Account Executive
172,Carson,Olwen,colwen4r@1und1.de,Male,Pilawa,Budget/Accounting Analyst I
173,Florentia,Franzettoini,ffranzettoini4s@about.com,Female,Malim,Engineer III
174,Yoshi,Griffith,ygriffith4t@amazonaws.com,Genderqueer,Sassandra,Computer Systems Analyst IV
175,Florie,Ughini,fughini4u@seesaa.net,Polygender,Mogocha,Data Coordinator
176,Ealasaid,O' Quirk,eoquirk4v@example.com,Genderqueer,Magumeri,Recruiting Manager
177,Shela,MacNeill,smacneill4w@soundcloud.com,Female,Shuangnian,Dental Hygienist
178,Renelle,Heeran,rheeran4x@cocolog-nifty.com,Genderqueer,Sokal’,Financial Analyst
179,Harli,Cranmore,hcranmore4y@nps.gov,Female,Chengdong,VP Sales
180,Charmion,Barnewelle,cbarnewelle4z@godaddy.com,Female,Água Preta,Geological Engineer
181,Dionisio,Elder,delder50@nsw.gov.au,Male,London,Graphic Designer
182,Antonius,Copello,acopello51@irs.gov,Male,Linglong,Programmer Analyst IV
183,Seamus,Beartup,sbeartup52@google.com.br,Male,Đắk Mâm,Structural Analysis Engineer
184,Menard,Akeherst,makeherst53@163.com,Male,Sakharovo,Financial Advisor
185,Tonya,Sturney,tsturney54@google.de,Female,Chojnice,Legal Assistant
186,Sander,Bragg,sbragg55@blogspot.com,Male,Haridimun,Accounting Assistant III
187,Rudy,Dooney,rdooney56@theatlantic.com,Male,Yangping,Help Desk Technician
188,Delilah,Standish,dstandish57@merriam-webster.com,Female,Kalchevaya,General Manager
189,Margy,Vegas,mvegas58@i2i.jp,Female,Tokmok,General Manager
190,Corby,Embling,cembling59@nydailynews.com,Male,Acheng,Engineer I
191,Ode,Mincini,omincini5a@people.com.cn,Male,Xiaolukou,VP Sales
192,Hermione,Savil,hsavil5b@phpbb.com,Female,Asaita,Paralegal
193,Quinlan,Sagg,qsagg5c@nydailynews.com,Male,Shatki,Safety Technician II
194,Flossy,O'Shiel,foshiel5d@elegantthemes.com,Non-binary,Jandir,GIS Technical Architect
195,Cullen,Dudman,cdudman5e@addtoany.com,Male,Bojonegoro,Pharmacist
196,Bron,Archbold,barchbold5f@free.fr,Male,Caieiras,Human Resources Manager
197,Guglielmo,Wych,gwych5g@artisteer.com,Male,Campbellton,Senior Quality Engineer
198,Fairlie,Reedy,freedy5h@usnews.com,Male,Monkayo,Executive Secretary
199,Dennie,Gookes,dgookes5i@google.es,Male,Santarém,Senior Developer
200,Shel,Simonds,ssimonds5j@comcast.net,Female,Zhoutou,Community Outreach Specialist
201,Aubrey,Lambard,alambard5k@washingtonpost.com,Male,La Guama,Programmer Analyst III
202,Miguelita,Handford,mhandford5l@flavors.me,Female,Kema,VP Sales
203,Thain,McCuaig,tmccuaig5m@cnbc.com,Male,Kandava,General Manager
204,Britt,Wankel,bwankel5n@wikimedia.org,Female,Baomin,Senior Editor
205,Issi,Hoffmann,ihoffmann5o@bloomberg.com,Female,Tabon,Staff Accountant I
206,Harcourt,Golly,hgolly5p@weebly.com,Male,Sebadelhe,Desktop Support Technician
207,Ursa,Lambregts,ulambregts5q@omniture.com,Female,Calimita,Administrative Officer
208,Bobbie,Gatus,bgatus5r@jimdo.com,Male,Oklahoma City,Associate Professor
209,Betteann,Littrick,blittrick5s@rakuten.co.jp,Polygender,Santa Cruz,Director of Sales
210,Vassily,Surridge,vsurridge5t@google.it,Male,Kamenjane,Office Assistant II
211,Lelah,Tidridge,ltidridge5u@wired.com,Female,Fontainebleau,Graphic Designer
212,Moishe,Fust,mfust5v@gov.uk,Male,Nangewer,Research Assistant III
213,Vasilis,Gai,vgai5w@feedburner.com,Male,Kishiwada,Community Outreach Specialist
214,Gaspar,Peek,gpeek5x@sohu.com,Male,Gaoqiaolou,Research Assistant IV
215,Dionne,Hampshaw,dhampshaw5y@reddit.com,Female,Baiheshan,Physical Therapy Assistant
216,Charline,Spinetti,cspinetti5z@odnoklassniki.ru,Bigender,Sigiriya,Account Executive
217,Duane,Burriss,dburriss60@bbb.org,Genderqueer,Huashu,Clinical Specialist
218,Meara,Stirman,mstirman61@spotify.com,Polygender,Nangabere,Nurse
219,Jeanna,Harbinson,jharbinson62@webs.com,Female,Jalanbaru,Web Designer IV
220,Delphinia,Janota,djanota63@qq.com,Female,Qingjiang,Legal Assistant
221,Felicio,Shillaber,fshillaber64@moonfruit.com,Bigender,Mufulira,Office Assistant I
222,Hazlett,Arnauduc,harnauduc65@hp.com,Male,Francisco Villa,Senior Quality Engineer
223,Garwin,Petasch,gpetasch66@devhub.com,Male,Sukamulya,Programmer Analyst II
224,Hillel,Saintpierre,hsaintpierre67@tuttocitta.it,Male,Tsotsin-Yurt,Director of Sales
225,Carney,Edwicke,cedwicke68@ucla.edu,Male,Caburan,Technical Writer
226,Izaak,Roper,iroper69@ftc.gov,Male,Lyuban’,Account Representative IV
227,Loni,Outhwaite,louthwaite6a@sitemeter.com,Female,Ditang,Systems Administrator III
228,Damita,Woodsford,dwoodsford6b@t.co,Female,Sahatsakhan,Environmental Tech
229,Chrystel,Vian,cvian6c@dmoz.org,Female,Shixiang,Safety Technician I
230,Teena,Yell,tyell6d@amazon.co.uk,Female,Lucan,Chief Design Engineer
231,Mikaela,Barrington,mbarrington6e@prlog.org,Female,Shuanggang,Statistician I
232,Darsey,D'Acth,ddacth6f@netlog.com,Female,Kedungkrajan,Senior Editor
233,Berke,Larcombe,blarcombe6g@dion.ne.jp,Male,Shazikou,Nuclear Power Engineer
234,Fidole,Kildahl,fkildahl6h@hp.com,Male,Stockholm,Project Manager
235,Brear,Hurst,bhurst6i@histats.com,Female,Nu’erbage,Research Assistant II
236,Natalya,Killigrew,nkilligrew6j@state.gov,Female,Houjiagang,Account Representative I
237,Farah,Antoniutti,fantoniutti6k@spiegel.de,Female,Öldziyt,Account Coordinator
238,Kearney,Thys,kthys6l@skyrock.com,Male,Wudan,Staff Accountant I
239,Russ,Mitkov,rmitkov6m@dedecms.com,Male,Marseille,Assistant Manager
240,Bernelle,Dunstall,bdunstall6n@nydailynews.com,Female,Vancouver,Account Executive
241,Auguste,Rosgen,arosgen6o@t.co,Female,Padre Bernardo,Legal Assistant
242,Ellissa,Bain,ebain6p@elpais.com,Female,Nanto-shi,Senior Developer
243,Godwin,Van de Vlies,gvandevlies6q@google.ca,Male,Dolní Studénky,Pharmacist
244,Osmund,Wenden,owenden6r@nydailynews.com,Male,Marabá,Research Assistant II
245,Granny,Hussy,ghussy6s@uol.com.br,Male,Kolbano,Assistant Professor
246,Murray,Porkiss,mporkiss6t@auda.org.au,Non-binary,Mabugang,General Manager
247,Bobinette,Reynoldson,breynoldson6u@techcrunch.com,Genderqueer,Pandansari,Computer Systems Analyst I
248,Caesar,Scouse,cscouse6v@biglobe.ne.jp,Genderfluid,Klana,Human Resources Assistant I
249,Harold,Munt,hmunt6w@google.com.br,Male,Yefremov,Sales Associate
250,Agatha,Letrange,aletrange6x@icq.com,Female,Baibu,Safety Technician III
251,Sterling,Noller,snoller6y@umn.edu,Male,Xicheng,Speech Pathologist
252,Chad,Stag,cstag6z@icio.us,Polygender,Borāzjān,Help Desk Technician
253,Lorna,Daybell,ldaybell70@accuweather.com,Bigender,Dainan,Chemical Engineer
254,Madlin,Johns,mjohns71@mtv.com,Female,Murmuiža,Web Developer III
255,Pearle,Karslake,pkarslake72@zimbio.com,Female,Żoliborz,Financial Analyst
256,Simonette,Sayre,ssayre73@uol.com.br,Female,Passa Quatro,Operator
257,Wendeline,Tunder,wtunder74@weebly.com,Polygender,Kilifi,Database Administrator II
258,Gianni,Ferens,gferens75@tamu.edu,Male,Biyong,Assistant Manager
259,Raymond,Shelton,rshelton76@cbc.ca,Male,La Banda,Nuclear Power Engineer
260,Benedick,Verdie,bverdie77@mozilla.org,Male,Pontes,Financial Advisor
261,Dulci,Pallant,dpallant78@t-online.de,Female,Hezhai,Human Resources Manager
262,Amalea,Roncelli,aroncelli79@unesco.org,Female,Huanggexi,Assistant Professor
263,Nonie,Pinching,npinching7a@quantcast.com,Female,Itigi,Registered Nurse
264,Shurlock,Gilbane,sgilbane7b@infoseek.co.jp,Male,Huacrapuquio,Financial Advisor
265,Anstice,Edlin,aedlin7c@buzzfeed.com,Female,Verenchanka,Financial Advisor
266,Myrtice,Butfield,mbutfield7d@columbia.edu,Female,Pirogovo,Actuary
267,Rustie,Naire,rnaire7e@about.me,Male,Xinli,Computer Systems Analyst II
268,Bartolemo,Garvey,bgarvey7f@friendfeed.com,Male,Lapa do Lobo,Automation Specialist I
269,Daisi,Robart,drobart7g@goodreads.com,Female,Humaitá,Occupational Therapist
270,Jeane,Welsh,jwelsh7h@delicious.com,Genderfluid,Xinsheng,Chemical Engineer
271,Randy,Mithon,rmithon7i@vkontakte.ru,Female,Gouxaria,Cost Accountant
272,Jennine,Brickner,jbrickner7j@google.co.uk,Female,Oeri’u,Account Coordinator
273,Wanda,McNickle,wmcnickle7k@netscape.com,Female,Beckerich,Assistant Professor
274,Puff,Jalland,pjalland7l@dion.ne.jp,Male,Arsenal,Legal Assistant
275,Jordon,Breffit,jbreffit7m@chicagotribune.com,Male,Umeå,Software Consultant
276,Brien,Lucock,blucock7n@unc.edu,Male,Biaoshan,Office Assistant I
277,Ham,Crosswaite,hcrosswaite7o@imageshack.us,Male,Padangtiji,Senior Quality Engineer
278,Jackelyn,Cortez,jcortez7p@fda.gov,Female,Idvor,Director of Sales
279,Clary,Escot,cescot7q@1688.com,Female,Petrolina,Sales Representative
280,Clary,McMenemy,cmcmenemy7r@guardian.co.uk,Female,Akunk’,Senior Editor
281,Carri,Ketchell,cketchell7s@nydailynews.com,Female,Santa Monica,Systems Administrator IV
282,Audry,Bulfoy,abulfoy7t@netvibes.com,Female,Tarnowiec,Paralegal
283,Allys,Balint,abalint7u@indiegogo.com,Non-binary,Malianchuan,Senior Editor
284,Kele,Ramard,kramard7v@cmu.edu,Male,Motuo,Research Associate
285,Leeland,Tocknell,ltocknell7w@abc.net.au,Male,Suklayin,Nurse Practicioner
286,Nixie,Circuit,ncircuit7x@japanpost.jp,Female,Papakura,Editor
287,Danila,Haestier,dhaestier7y@amazonaws.com,Female,Stockholm,Nuclear Power Engineer
288,Fernandina,McCalum,fmccalum7z@ebay.com,Female,Wydminy,Research Nurse
289,Immanuel,Harryman,iharryman80@cisco.com,Male,Cibungur,Marketing Manager
290,Chilton,Wyldbore,cwyldbore81@elegantthemes.com,Male,Åkersberga,Assistant Media Planner
291,Nathanael,Gorse,ngorse82@cam.ac.uk,Male,Notsé,Director of Sales
292,Dean,Flockhart,dflockhart83@cyberchimps.com,Male,Zaragoza,Civil Engineer
293,Fran,Seakes,fseakes84@homestead.com,Male,Prusice,Automation Specialist I
294,Carolin,Alcock,calcock85@npr.org,Female,Hevlín,Electrical Engineer
295,Sapphira,Ferrulli,sferrulli86@quantcast.com,Female,Puerto Quijarro,Senior Sales Associate
296,Tucker,Toplis,ttoplis87@usnews.com,Male,København,Office Assistant IV
297,Marijo,Dehn,mdehn88@craigslist.org,Female,Haugesund,Research Assistant III
298,Chrysa,Blyth,cblyth89@issuu.com,Female,Tampa,Paralegal
299,Benjie,Pennock,bpennock8a@auda.org.au,Male,Trstenik,Teacher
300,Goober,McIndrew,gmcindrew8b@51.la,Male,Lestijärvi,Social Worker
301,Shurlocke,Fraanchyonok,sfraanchyonok8c@aol.com,Male,Luoshanchuan,Dental Hygienist
302,Karlee,Gatward,kgatward8d@ifeng.com,Female,Choszczno,Senior Sales Associate
303,Dru,Cuncliffe,dcuncliffe8e@lulu.com,Polygender,Talata Mafara,Help Desk Technician
304,Latrina,Kulis,lkulis8f@java.com,Female,Novovorontsovka,Junior Executive
305,Pip,Treasure,ptreasure8g@123-reg.co.uk,Male,Uralo-Kavkaz,Geologist I
306,Teddy,Gynne,tgynne8h@wired.com,Male,Gulbene,Paralegal
307,Camel,Crotty,ccrotty8i@naver.com,Female,Khorol,Developer III
308,Jared,Corstan,jcorstan8j@mac.com,Male,Glasnevin,Administrative Assistant II
309,Rodge,Armfield,rarmfield8k@state.gov,Genderqueer,San Luis,Database Administrator IV
310,Wilfrid,Orts,worts8l@businessinsider.com,Male,Langsa,Administrative Assistant III
311,Jannel,Grigori,jgrigori8m@si.edu,Female,Pagelaran,Research Nurse
312,Maxim,Ashall,mashall8n@cargocollective.com,Male,Chiţcani,Food Chemist
313,Tracy,Quesne,tquesne8o@globo.com,Genderqueer,Taraan,Account Executive
314,Kristel,Cashen,kcashen8p@uiuc.edu,Genderfluid,Qiaotou,Analyst Programmer
315,Linn,Bilbey,lbilbey8q@domainmarket.com,Female,Yoro,Software Engineer I
316,Andrea,Dedrick,adedrick8r@gmpg.org,Male,Damiku,Actuary
317,Desmond,Schaumaker,dschaumaker8s@github.com,Male,Mostek,Operator
318,Salomo,Brooks,sbrooks8t@nifty.com,Male,Xikou,Civil Engineer
319,Tallou,Critoph,tcritoph8u@wordpress.com,Female,Yamagata-shi,Nuclear Power Engineer
320,Torey,Padley,tpadley8v@woothemes.com,Female,Obrera,Web Developer II
321,Cos,Heart,cheart8w@nymag.com,Male,Coronel,Desktop Support Technician
322,Clive,LLelweln,cllelweln8x@com.com,Male,Krotoszyn,Editor
323,Parrnell,Bruff,pbruff8y@latimes.com,Male,El Peñol,Associate Professor
324,Dukie,Willeman,dwilleman8z@cpanel.net,Male,Všenory,Safety Technician I
325,Lelia,Feldhuhn,lfeldhuhn90@topsy.com,Female,Tyczyn,Administrative Assistant III
326,Meyer,Ochterlony,mochterlony91@yahoo.com,Male,Geji,Financial Analyst
327,Deane,Altofts,daltofts92@businessinsider.com,Female,Cirompang,Desktop Support Technician
328,Homere,Coster,hcoster93@multiply.com,Male,Xiangshan,Data Coordinator
329,Florenza,Regi,fregi94@msn.com,Female,Bužim,Recruiter
330,Maddalena,Cersey,mcersey95@flickr.com,Female,Čajetina,Dental Hygienist
331,Cort,Carlisle,ccarlisle96@bloglines.com,Male,Yukou,Civil Engineer
332,Jeromy,Cracker,jcracker97@vinaora.com,Male,Patiya,Recruiting Manager
333,Luelle,Jarrett,ljarrett98@skype.com,Female,Batabanó,VP Marketing
334,Adolph,De Maria,ademaria99@desdev.cn,Male,Oslo,Nurse
335,Gerhardt,Haresign,gharesign9a@163.com,Male,Atouguia,Clinical Specialist
336,Mahalia,Ramsdale,mramsdale9b@ebay.com,Female,Oslo,Electrical Engineer
337,Sadella,Geratasch,sgeratasch9c@scribd.com,Female,Gaxung,Recruiter
338,Alix,Foan,afoan9d@ocn.ne.jp,Male,Tanjungbahagia,Project Manager
339,Louie,Cabedo,lcabedo9e@theatlantic.com,Male,Lidun,Senior Quality Engineer
340,Aleta,Mein,amein9f@nydailynews.com,Female,Menol,Nurse
341,Hugh,Drakes,hdrakes9g@alexa.com,Male,Meishan,Civil Engineer
342,Bert,Bartley,bbartley9h@elegantthemes.com,Male,Kraczkowa,Internal Auditor
343,Dru,Derisley,dderisley9i@dell.com,Female,Banturkrajan,Account Coordinator
344,Haven,Walton,hwalton9j@nps.gov,Male,Shiguai,Cost Accountant
345,Carr,Hawford,chawford9k@loc.gov,Male,Casimiro de Abreu,Civil Engineer
346,Stephannie,Gannan,sgannan9l@independent.co.uk,Genderqueer,Örgön,Technical Writer
347,Krista,Bulford,kbulford9m@businessinsider.com,Female,Chum Phae,Associate Professor
348,Lindy,Constantine,lconstantine9n@deviantart.com,Female,Momignies,Associate Professor
349,Vaughn,Beauvais,vbeauvais9o@hao123.com,Male,Kampen (Overijssel),Accounting Assistant III
350,Harp,Michiel,hmichiel9p@yolasite.com,Male,Xinbu,Payment Adjustment Coordinator
351,Friedrick,Chatain,fchatain9q@nydailynews.com,Male,Wan’an,Nurse
352,Tommie,Jakolevitch,tjakolevitch9r@list-manage.com,Male,New Orleans,Associate Professor
353,Ryan,Enderby,renderby9s@stumbleupon.com,Male,Sioguí Arriba,Senior Quality Engineer
354,Sibylla,Hobgen,shobgen9t@springer.com,Female,Zhouxi,Junior Executive
355,Stephannie,Gonzalvo,sgonzalvo9u@bloomberg.com,Non-binary,Västerås,Geologist I
356,Korella,O'Fergus,kofergus9v@youku.com,Female,Druya,Geological Engineer
357,Tonya,Gilby,tgilby9w@eepurl.com,Female,Bratsk,Legal Assistant
358,Loren,Trenoweth,ltrenoweth9x@i2i.jp,Female,Kampong Thom,Account Coordinator
359,Maxwell,Donegan,mdonegan9y@example.com,Male,Bealanana,Librarian
360,Blancha,Ferruzzi,bferruzzi9z@china.com.cn,Polygender,Tālīn,Pharmacist
361,Billy,Greep,bgreepa0@cdbaby.com,Female,Zhaike,Nurse Practicioner
362,Erik,Walshe,ewalshea1@opensource.org,Male,Mityana,Environmental Tech
363,Cross,Slot,cslota2@geocities.jp,Male,Alamar,Nurse
364,Ermengarde,Emery,eemerya3@examiner.com,Female,Songnan,Software Engineer II
365,Gwendolyn,Brave,gbravea4@nhs.uk,Female,Kameyama,Product Engineer
366,Tawsha,BURWIN,tburwina5@wisc.edu,Female,Aurelliana,Structural Engineer
367,Magdalen,Sneller,msnellera6@vinaora.com,Female,Dinan,Senior Editor
368,Faina,Vlasyuk,fvlasyuka7@squidoo.com,Female,Isla Verde,Food Chemist
369,Elke,Rowell,erowella8@cbsnews.com,Female,Tayāsīr,Clinical Specialist
370,Maximilien,Cone,mconea9@bluehost.com,Male,Pshada,Professor
371,Barbey,Chazelas,bchazelasaa@cbslocal.com,Female,Piasek,Cost Accountant
372,Julietta,Unwins,junwinsab@cbslocal.com,Female,Dajianchang,Technical Writer
373,Vernor,Passie,vpassieac@people.com.cn,Male,Curuggoong,Physical Therapy Assistant
374,Sheridan,Philippet,sphilippetad@google.ca,Male,Esperanza,Accounting Assistant II
375,Garv,Wellbelove,gwellbeloveae@statcounter.com,Male,Vila Maior,Assistant Manager
376,Trip,Wynter,twynteraf@hp.com,Male,München,Web Developer I
377,Hershel,Ambrogetti,hambrogettiag@ustream.tv,Male,Corrientes,Senior Developer
378,Tiebold,Keppin,tkeppinah@apple.com,Male,Liure,Professor
379,Inglis,Shingfield,ishingfieldai@chicagotribune.com,Male,Ekpoma,Social Worker
380,Miles,Screeton,mscreetonaj@omniture.com,Male,Phùng,Technical Writer
381,Elvera,Cleft,ecleftak@joomla.org,Female,Zhongyuanlu,Speech Pathologist
382,Grantham,Fraine,gfraineal@columbia.edu,Male,Sievi,Director of Sales
383,Reube,McLleese,rmclleeseam@reverbnation.com,Male,Binhe,Safety Technician IV
384,Stacee,Sandy,ssandyan@google.de,Female,Cungking,Software Test Engineer II
385,Bunny,Vittle,bvittleao@oracle.com,Female,Wakema,Assistant Professor
386,Hale,Sherrett,hsherrettap@is.gd,Male,Krasnovishersk,Cost Accountant
387,Blanca,Strettle,bstrettleaq@zimbio.com,Female,Igarra,Programmer Analyst IV
388,Beale,Wife,bwifear@blogger.com,Male,Buenavista,Software Consultant
389,Kayley,Terzo,kterzoas@plala.or.jp,Female,Kushiro,Health Coach III
390,Dulcy,Hodjetts,dhodjettsat@de.vu,Female,Huancaray,Legal Assistant
391,Sabra,Perillio,sperillioau@t.co,Female,Francisco Villa,Assistant Manager
392,Euell,Winning,ewinningav@newyorker.com,Male,Píritu,Legal Assistant
393,Huntley,Yashin,hyashinaw@blogs.com,Male,Torino,Structural Analysis Engineer
394,Bartholomeo,Village,bvillageax@privacy.gov.au,Male,Taunan,Geological Engineer
395,Rosaline,Newman,rnewmanay@sohu.com,Female,Taoyuan,Research Associate
396,Gale,Boulter,gboulteraz@sun.com,Male,Bałtów,Nurse Practicioner
397,Fax,McIntee,fmcinteeb0@amazon.co.jp,Male,Wołomin,Help Desk Operator
398,Greggory,Caffin,gcaffinb1@blogger.com,Male,Naperville,Accounting Assistant I
399,Neile,Lodder,nlodderb2@usnews.com,Female,Weihai,Software Engineer I
400,Bobina,Jervis,bjervisb3@marriott.com,Female,Wangkung,Help Desk Operator
401,Kerry,Follin,kfollinb4@yolasite.com,Agender,Gunungkendeng,Marketing Manager
402,Vladimir,Horder,vhorderb5@digg.com,Male,Daixi,Graphic Designer
403,Shell,Sommerled,ssommerledb6@nhs.uk,Male,Annacotty,Geological Engineer
404,Stafford,Gilfoyle,sgilfoyleb7@un.org,Male,Rudniki,Junior Executive
405,Harlan,Hillan,hhillanb8@hibu.com,Male,Novo Horizonte,VP Accounting
406,Aggi,Anstee,aansteeb9@simplemachines.org,Female,Lingsar,Food Chemist
407,Gertrudis,Altofts,galtoftsba@tumblr.com,Female,Futuroscope,Recruiting Manager
408,Man,Mahaffey,mmahaffeybb@t-online.de,Male,Guling,Registered Nurse
409,Andy,Gerran,agerranbc@dailymail.co.uk,Female,São Mamede,Staff Accountant II
410,Barny,Landis,blandisbd@xing.com,Polygender,Vinež,Senior Editor
411,Caroljean,Saxelby,csaxelbybe@xing.com,Female,Primero de Enero,Account Representative I
412,Trina,Baggs,tbaggsbf@wired.com,Female,Bondowoso,Programmer Analyst III
413,Carolyne,Vannucci,cvannuccibg@reverbnation.com,Female,Thị Trấn Quế,Computer Systems Analyst II
414,Thea,Tuckey,ttuckeybh@a8.net,Female,Tucurú,Executive Secretary
415,Phoebe,Matyatin,pmatyatinbi@soundcloud.com,Female,Sovetskiy,Assistant Professor
416,Mercedes,Muggach,mmuggachbj@independent.co.uk,Female,Polyarnyy,Statistician I
417,Lea,Strethill,lstrethillbk@kickstarter.com,Female,Cijayana,Chief Design Engineer
418,Lishe,Pantin,lpantinbl@woothemes.com,Female,Magallanes,Administrative Assistant I
419,Malorie,Baine,mbainebm@opensource.org,Female,Nakhodka,Programmer Analyst I
420,Carlee,Gutierrez,cgutierrezbn@51.la,Female,Kālia,Technical Writer
421,Isabelita,McKinna,imckinnabo@list-manage.com,Agender,Tortosendo,Help Desk Technician
422,Donal,Josefovic,djosefovicbp@usgs.gov,Male,Lluidas Vale,Senior Financial Analyst
423,Allissa,Willoughway,awilloughwaybq@umn.edu,Genderfluid,Dowsk,VP Marketing
424,Bank,Hindshaw,bhindshawbr@infoseek.co.jp,Male,Tomaševac,Account Coordinator
425,Nicholas,Hughf,nhughfbs@admin.ch,Male,Itumbiara,Accountant III
426,Lela,Bedlington,lbedlingtonbt@apple.com,Female,Jatinagara,Sales Associate
427,Jackie,Hairsnape,jhairsnapebu@google.com.br,Female,La Troncal,Account Executive
428,Rozele,Kornalik,rkornalikbv@naver.com,Female,Nanmuping,Sales Associate
429,Billie,Peedell,bpeedellbw@comsenz.com,Male,Ajaccio,Nurse Practicioner
430,Andreas,Gouldthorpe,agouldthorpebx@hp.com,Male,Bonpland,Sales Representative
431,Gray,St. Aubyn,gstaubynby@php.net,Agender,Saldanha,Administrative Officer
432,Nyssa,Parram,nparrambz@reddit.com,Female,Aryiropoúlion,VP Product Management
433,Merla,Pizzey,mpizzeyc0@earthlink.net,Female,Kogon,Safety Technician II
434,Kahaleel,Ridett,kridettc1@auda.org.au,Male,Uluale,Automation Specialist II
435,Frederich,Russan,frussanc2@mac.com,Male,Buenavista,Nurse Practicioner
436,Sarina,Antonov,santonovc3@is.gd,Female,Moglicë,Technical Writer
437,Esteban,Talboy,etalboyc4@edublogs.org,Bigender,Xindeng,Assistant Professor
438,Kerrin,Dumper,kdumperc5@g.co,Female,Pale,Legal Assistant
439,Leonard,Rossander,lrossanderc6@bbb.org,Male,Kalatongke,Accounting Assistant I
440,Will,Aykroyd,waykroydc7@scribd.com,Male,Sidorejo,Nurse Practicioner
441,Dav,Pohls,dpohlsc8@eepurl.com,Male,Néa Filadélfeia,Director of Sales
442,Kerri,Coultard,kcoultardc9@sogou.com,Female,Arcossó,Community Outreach Specialist
443,Drud,Peaseman,dpeasemanca@nba.com,Male,Diofior,Assistant Media Planner
444,Gillian,McGuiness,gmcguinesscb@ucsd.edu,Female,Argivai,Dental Hygienist
445,Garrot,Moulsdall,gmoulsdallcc@nps.gov,Genderqueer,Fenglin,Executive Secretary
446,Horten,Winstone,hwinstonecd@1688.com,Male,Serdobsk,Chief Design Engineer
447,Scott,Darben,sdarbence@godaddy.com,Male,Turka,Assistant Media Planner
448,Peadar,Filson,pfilsoncf@statcounter.com,Male,Battambang,Civil Engineer
449,Willie,Lade,wladecg@last.fm,Female,Quinta de Valadares,Senior Cost Accountant
450,Bard,Marley,bmarleych@google.ca,Agender,Ḩadādah,Dental Hygienist
451,Georgi,Morrilly,gmorrillyci@hubpages.com,Male,Yejia,Staff Scientist
452,Cherry,Skidmore,cskidmorecj@narod.ru,Female,Vithkuq,Assistant Manager
453,Cecil,Tyne,ctyneck@angelfire.com,Male,Aksu,Teacher
454,Llewellyn,Janosevic,ljanoseviccl@nbcnews.com,Male,El Copey,Environmental Specialist
455,Querida,Norwood,qnorwoodcm@mapy.cz,Female,Dioknisi,Office Assistant I
456,Devonne,Stackbridge,dstackbridgecn@sitemeter.com,Female,Inđija,Junior Executive
457,Hazel,Sykes,hsykesco@google.fr,Male,N’dalatando,General Manager
458,Cyrillus,Aingel,caingelcp@seattletimes.com,Genderfluid,Sukamaju,Sales Representative
459,Gav,Willatts,gwillattscq@nsw.gov.au,Male,Tomaszów Mazowiecki,Assistant Professor
460,Carree,Matthewman,cmatthewmancr@xrea.com,Female,Linfen,Information Systems Manager
461,Joelynn,Schurig,jschurigcs@baidu.com,Female,Mahajanga,Social Worker
462,Peirce,O'Dwyer,podwyerct@discuz.net,Male,Kwali,Electrical Engineer
463,Sibyl,Dingsdale,sdingsdalecu@cornell.edu,Female,Solo,Legal Assistant
464,Burnaby,O'Corrin,bocorrincv@prlog.org,Male,Changxing,Accounting Assistant I
465,Barbabas,Atmore,batmorecw@comcast.net,Male,Yonkers,Speech Pathologist
466,Lilith,Dunley,ldunleycx@ed.gov,Female,Baitu,Geologist I
467,Richart,Santostefano.,rsantostefanocy@yelp.com,Male,Jamaica,Business Systems Development Analyst
468,Chandra,Gemlbett,cgemlbettcz@shinystat.com,Genderfluid,Cieplice Śląskie Zdrój,Statistician III
469,Dominic,Searsby,dsearsbyd0@homestead.com,Agender,Zango,Research Assistant I
470,Sisely,Foister,sfoisterd1@gizmodo.com,Female,Kożuchów,Clinical Specialist
471,Pammie,Landeaux,plandeauxd2@merriam-webster.com,Female,Petersfield,Staff Accountant III
472,Page,Bunny,pbunnyd3@europa.eu,Male,Pasadena,Director of Sales
473,Dehlia,Reditt,dredittd4@nationalgeographic.com,Non-binary,Shifo,Speech Pathologist
474,Derward,Penella,dpenellad5@hubpages.com,Genderfluid,Guinsadan,Chemical Engineer
475,Carleton,Helsby,chelsbyd6@shareasale.com,Male,Tumba,Health Coach II
476,Fredelia,Temblett,ftemblettd7@seattletimes.com,Female,Marseille,Software Consultant
477,Kendal,Leeb,kleebd8@wikia.com,Male,Raşad,Geologist II
478,Reggie,Huggett,rhuggettd9@gravatar.com,Female,Khiv,Staff Accountant III
479,Gery,Darbishire,gdarbishireda@tiny.cc,Male,Surcubamba,Quality Engineer
480,Valle,Hammerstone,vhammerstonedb@uol.com.br,Male,Little Rock,Account Coordinator
481,Dacey,Coverdill,dcoverdilldc@usa.gov,Female,Gryfów Śląski,Librarian
482,Giffy,Witts,gwittsdd@reddit.com,Male,Changzheng,Community Outreach Specialist
483,Zonda,Melloi,zmelloide@howstuffworks.com,Female,Jose Maria Morelos,Structural Engineer
484,Keen,Gawler,kgawlerdf@wired.com,Male,Awat,Research Associate
485,Cyndia,Ouldred,couldreddg@istockphoto.com,Bigender,Lam Plai Mat,Senior Editor
486,Nikki,Grabbam,ngrabbamdh@sciencedaily.com,Male,Entre Rios,Senior Cost Accountant
487,Beck,Kalaher,bkalaherdi@economist.com,Male,Sijing,Sales Associate
488,Herold,Hassett,hhassettdj@yellowbook.com,Male,Kentville,Executive Secretary
489,Danica,Skilling,dskillingdk@desdev.cn,Female,Oka,Analog Circuit Design manager
490,Lorant,Sothcott,lsothcottdl@marketwatch.com,Male,Rancaerang,Desktop Support Technician
491,Osmund,Hartegan,ohartegandm@hostgator.com,Male,Minato,Analyst Programmer
492,Wally,Railton,wrailtondn@jiathis.com,Male,Chandler,Software Engineer III
493,Barnabe,Ehrat,behratdo@pen.io,Male,Quận Tân Phú,Nurse
494,Randell,Stent,rstentdp@fotki.com,Male,Guandiping,Editor
495,Perri,Maskall,pmaskalldq@princeton.edu,Female,Yanghuxiang,GIS Technical Architect
496,Arlene,Formoy,aformoydr@goo.gl,Female,Hadabei,Pharmacist
497,Candra,Beri,cberids@springer.com,Female,Freiburg im Breisgau,Media Manager II
498,Dolf,Burl,dburldt@blinklist.com,Male,Toužim,Geological Engineer
499,Abagail,Windless,awindlessdu@salon.com,Female,Perugia,Accountant IV
500,Leonora,Croy,lcroydv@pcworld.com,Female,Maloarkhangel’sk,Tax Accountant
501,Mendy,Lucian,mluciandw@fc2.com,Male,Sidi Smaïl,VP Marketing
502,Say,Dampney,sdampneydx@dmoz.org,Genderqueer,Marseille,Research Associate
503,Isidor,Brute,ibrutedy@ocn.ne.jp,Male,Sukasari,Teacher
504,Golda,Penkethman,gpenkethmandz@goo.ne.jp,Female,Paracuru,Assistant Manager
505,Alfy,Stroband,astrobande0@spotify.com,Female,Weetombo,Professor
506,Maxwell,Middlemass,mmiddlemasse1@vistaprint.com,Male,Yukou,Sales Associate
507,Francyne,Tipping,ftippinge2@pagesperso-orange.fr,Female,Cabcaben,General Manager
508,Earl,Inkle,einklee3@163.com,Male,Bintulu,Physical Therapy Assistant
509,Ashbey,McQuilliam,amcquilliame4@bing.com,Male,El Progreso,Speech Pathologist
510,Maximo,Cranham,mcranhame5@webmd.com,Genderqueer,Maji,Physical Therapy Assistant
511,Drucy,Davidovitch,ddavidovitche6@weibo.com,Female,Sibinal,Assistant Manager
512,Kimberlyn,Karp,kkarpe7@blogs.com,Bigender,Polyarnyy,Payment Adjustment Coordinator
513,Shara,Causier,scausiere8@cyberchimps.com,Female,Noormarkku,Registered Nurse
514,Gerta,Ridgedell,gridgedelle9@slashdot.org,Female,Basco,Executive Secretary
515,Dacie,Elson,delsonea@parallels.com,Female,Tosno,Environmental Specialist
516,Noreen,Goodanew,ngoodaneweb@fema.gov,Female,Bum Bum,Account Executive
517,Carleton,Blowers,cblowersec@ycombinator.com,Male,Zhougang,Automation Specialist III
518,Vanya,Owenson,vowensoned@wp.com,Male,Yongfeng,Administrative Assistant II
519,Jerome,Rebbeck,jrebbeckee@noaa.gov,Agender,Nart,Administrative Officer
520,Wilfred,Durrand,wdurrandef@dedecms.com,Male,Torbeyevo,Assistant Media Planner
521,Alf,Frankcom,afrankcomeg@nhs.uk,Male,Göteborg,Civil Engineer
522,Joelle,Vial,jvialeh@over-blog.com,Female,Täby,Payment Adjustment Coordinator
523,Merridie,Marle,mmarleei@cbslocal.com,Female,Aurora,Compensation Analyst
524,Rubi,Hanning,rhanningej@paginegialle.it,Female,Armenia,Structural Analysis Engineer
525,Ashla,Renshell,arenshellek@usgs.gov,Female,Skellefteå,Quality Control Specialist
526,Abdul,Everard,aeverardel@uol.com.br,Male,Independencia,Teacher
527,Angela,Wellfare,awellfareem@gov.uk,Female,Chaínça,Business Systems Development Analyst
528,Diahann,Rowthorne,drowthorneen@geocities.com,Female,Pikalëvo,Accountant IV
529,Rhianon,Burker,rburkereo@salon.com,Female,Big Bend,Recruiter
530,Billie,Inns,binnsep@themeforest.net,Non-binary,Lysyanka,Junior Executive
531,Fred,Dallimore,fdallimoreeq@chicagotribune.com,Male,Madruga,Assistant Professor
532,Catrina,Twelve,ctwelveer@sogou.com,Female,Ordzhonikidzevskaya,Quality Engineer
533,Alta,Sykora,asykoraes@sogou.com,Female,Saint-Égrève,Web Developer IV
534,Lottie,Danko,ldankoet@skype.com,Female,La Libertad,Information Systems Manager
535,Mignon,Beavon,mbeavoneu@opera.com,Female,Dinititi,Analyst Programmer
536,Ramsay,Stammers,rstammersev@boston.com,Male,Gaoyao,Community Outreach Specialist
537,Iris,Matas,imatasew@cloudflare.com,Female,Cikou,Marketing Assistant
538,Marrissa,Gorelli,mgorelliex@cyberchimps.com,Female,Donja Dubica,Geological Engineer
539,Grady,Lovelace,glovelaceey@spotify.com,Male,Huliao,Account Representative IV
540,Harv,McCunn,hmccunnez@howstuffworks.com,Male,Winston Salem,Structural Engineer
541,Marius,Mulrooney,mmulrooneyf0@xing.com,Male,Smolenskaya,Software Test Engineer I
542,Ann,Cabrales,acabralesf1@bizjournals.com,Female,Kathu,Environmental Specialist
543,Nettle,Macauley,nmacauleyf2@opera.com,Female,Zárkos,Information Systems Manager
544,Bo,Scarrott,bscarrottf3@irs.gov,Bigender,Nová Cerekev,Senior Cost Accountant
545,Chad,Wisher,cwisherf4@jugem.jp,Female,Aracataca,Developer III
546,Parsifal,Coupman,pcoupmanf5@google.co.jp,Male,Marseille,Product Engineer
547,Edd,Conor,econorf6@odnoklassniki.ru,Male,København,Staff Scientist
548,Lucius,Sayward,lsaywardf7@ameblo.jp,Male,Comodoro Rivadavia,Occupational Therapist
549,Nicol,Lowson,nlowsonf8@va.gov,Female,Abua,Project Manager
550,Esmeralda,Landy,elandyf9@sitemeter.com,Female,Rashaant,Nuclear Power Engineer
551,Stuart,Devitt,sdevittfa@livejournal.com,Male,Uozu,Help Desk Operator
552,Shalom,Cloy,scloyfb@51.la,Male,Sélestat,Operator
553,Richardo,Shanklin,rshanklinfc@guardian.co.uk,Male,Chimbas,VP Product Management
554,Conny,Cordey,ccordeyfd@arstechnica.com,Male,Debre Tabor,Electrical Engineer
555,Shellysheldon,Baskett,sbaskettfe@wordpress.com,Male,Orël,VP Product Management
556,Cassandry,Pittman,cpittmanff@deliciousdays.com,Female,Xianxi,Staff Scientist
557,Adan,Preist,apreistfg@princeton.edu,Female,Svilengrad,Mechanical Systems Engineer
558,Thor,Softley,tsoftleyfh@privacy.gov.au,Agender,Norfolk,Environmental Tech
559,Clare,Veschambre,cveschambrefi@clickbank.net,Male,Chōfugaoka,Analyst Programmer
560,Hadleigh,Le-Good,hlegoodfj@posterous.com,Male,Megion,Research Associate
561,Drugi,Moral,dmoralfk@prnewswire.com,Male,Malabang,Software Engineer III
562,Homere,Petranek,hpetranekfl@unicef.org,Male,Formosa do Rio Preto,Statistician I
563,Falito,Peacher,fpeacherfm@studiopress.com,Male,Kiloloran,Financial Advisor
564,Cary,Pretley,cpretleyfn@yolasite.com,Female,Krasnyy Klyuch,Clinical Specialist
565,Ellary,Roma,eromafo@time.com,Male,Gelatik,Design Engineer
566,Zechariah,Ilyenko,zilyenkofp@google.com,Male,Huashi,Payment Adjustment Coordinator
567,Cazzie,Gilcriest,cgilcriestfq@army.mil,Male,Huizhai,Programmer Analyst IV
568,Clea,Cubbini,ccubbinifr@elpais.com,Female,Salinas,Librarian
569,Gianna,Ellison,gellisonfs@fc2.com,Female,Ma’an,Research Nurse
570,Cary,Crabb,ccrabbft@thetimes.co.uk,Female,Salzburg,Account Representative III
571,Rita,Sloey,rsloeyfu@odnoklassniki.ru,Agender,Марино,Database Administrator IV
572,Barris,Stain,bstainfv@baidu.com,Male,Tanenofunan,Desktop Support Technician
573,Sherlocke,Everly,severlyfw@spotify.com,Male,Kebloran,VP Product Management
574,Seana,Duncan,sduncanfx@slideshare.net,Female,Mairiporã,Computer Systems Analyst IV
575,Cris,Syvret,csyvretfy@digg.com,Male,Rendui,VP Accounting
576,Meridith,Grombridge,mgrombridgefz@wikipedia.org,Female,Jermuk,Analog Circuit Design manager
577,Chilton,Smorthit,csmorthitg0@nasa.gov,Male,Meicheng,Statistician I
578,Reg,Worlidge,rworlidgeg1@dion.ne.jp,Male,Fankeng,Graphic Designer
579,Carline,Wark,cwarkg2@nsw.gov.au,Female,Quintã,VP Sales
580,Lauritz,Jeschner,ljeschnerg3@cbsnews.com,Male,Congonhas,VP Sales
581,Jayne,Pirazzi,jpirazzig4@reddit.com,Female,Thiès Nones,Compensation Analyst
582,Scot,Gingell,sgingellg5@mayoclinic.com,Male,El Tránsito,Software Consultant
583,Ruthe,Hefford,rheffordg6@fda.gov,Female,Palana,Director of Sales
584,Marmaduke,McDonagh,mmcdonaghg7@indiatimes.com,Male,Ayteke Bi,VP Quality Control
585,Shea,Prandini,sprandinig8@hexun.com,Male,Manila,Nurse
586,Celle,Fenge,cfengeg9@addtoany.com,Female,Xin Bulag,Design Engineer
587,Rebekah,Philipsohn,rphilipsohnga@miitbeian.gov.cn,Bigender,Meishan,Actuary
588,Winnie,Simoni,wsimonigb@hugedomains.com,Male,Huacrapuquio,VP Quality Control
589,Desi,Pinel,dpinelgc@yahoo.com,Male,Nara,Executive Secretary
590,Wells,Liddel,wliddelgd@globo.com,Male,Qianjin,Tax Accountant
591,Liam,Rhymes,lrhymesge@phoca.cz,Male,Pimenta Bueno,Help Desk Operator
592,Shaughn,Hubball,shubballgf@typepad.com,Genderfluid,Baiquan,Marketing Manager
593,Patton,Goard,pgoardgg@abc.net.au,Male,Ungca,Recruiter
594,Darnell,Bignold,dbignoldgh@bravesites.com,Male,Xilu,Social Worker
595,Curr,Featonby,cfeatonbygi@youku.com,Male,Satuek,Editor
596,Odele,Ferrer,oferrergj@qq.com,Non-binary,Simpang,Physical Therapy Assistant
597,Kennett,Collet,kcolletgk@flickr.com,Male,Huatanshan,Teacher
598,Domeniga,Rosenthal,drosenthalgl@usda.gov,Female,Cervantes,Internal Auditor
599,Cassandre,Berge,cbergegm@free.fr,Polygender,Haebaru,VP Quality Control
600,Leisha,Mandre,lmandregn@zimbio.com,Genderfluid,Fengyan,Financial Advisor
601,Simonette,Lurriman,slurrimango@sakura.ne.jp,Female,Diaopu,Engineer IV
602,Pavia,Blune,pblunegp@dyndns.org,Female,Kolobolon,Statistician II
603,Jeffy,Davydenko,jdavydenkogq@jigsy.com,Male,Hekou,Staff Accountant IV
604,Jessie,Dur,jdurgr@reddit.com,Male,Azua,Help Desk Technician
605,Edlin,Quinlan,equinlangs@craigslist.org,Male,Göteborg,Associate Professor
606,Gilles,Eitter,geittergt@moonfruit.com,Male,Zhoutou,Administrative Assistant I
607,Chris,Landis,clandisgu@wp.com,Male,Abrantes,Nurse
608,Brennen,Middle,bmiddlegv@de.vu,Male,Bridgetown,Engineer I
609,Ugo,Rief,uriefgw@statcounter.com,Male,Wysoka,Help Desk Operator
610,Linus,Brayson,lbraysongx@va.gov,Male,Watari,Account Coordinator
611,Cyndi,Rowbottam,crowbottamgy@ihg.com,Female,Al Munīrah,Business Systems Development Analyst
612,Janella,Featherby,jfeatherbygz@comcast.net,Female,Ringin Kembar,Information Systems Manager
613,Barde,Hassin,bhassinh0@jimdo.com,Male,Urkarakh,Data Coordinator
614,Emyle,Ivison,eivisonh1@scribd.com,Female,Seixo de Manhoses,Internal Auditor
615,Clarice,Batsford,cbatsfordh2@ovh.net,Female,Benešov nad Černou,Occupational Therapist
616,Russell,Claffey,rclaffeyh3@seesaa.net,Male,Tazhuang,Clinical Specialist
617,Mohammed,Dunkinson,mdunkinsonh4@chicagotribune.com,Male,Bordeaux,Computer Systems Analyst III
618,Vitoria,Brosetti,vbrosettih5@economist.com,Female,Ussuriysk,Systems Administrator IV
619,Golda,Balaisot,gbalaisoth6@amazon.co.jp,Female,Donim,VP Quality Control
620,Lita,Hodge,lhodgeh7@techcrunch.com,Agender,Bezerros,Office Assistant II
621,Enrico,Coulson,ecoulsonh8@newyorker.com,Male,Altona,Marketing Assistant
622,Garnet,Veneur,gveneurh9@mapy.cz,Female,Předměřice nad Labem,Librarian
623,Jarib,Bendle,jbendleha@cafepress.com,Genderfluid,Rudolfov,Data Coordinator
624,Ev,Henmarsh,ehenmarshhb@techcrunch.com,Male,Corrientes,Account Executive
625,Silas,Monnoyer,smonnoyerhc@webs.com,Male,Geneina,Software Consultant
626,Bancroft,Farman,bfarmanhd@posterous.com,Male,Aquidauana,Nurse Practicioner
627,Windham,Blair,wblairhe@sohu.com,Male,Haizhouwobao,Biostatistician IV
628,Artemas,Mixer,amixerhf@ameblo.jp,Genderqueer,Sutton,Web Designer II
629,Hatti,Dreinan,hdreinanhg@xrea.com,Female,Strömsund,Teacher
630,Monroe,Tretwell,mtretwellhh@printfriendly.com,Bigender,Kryvichy,Occupational Therapist
631,Brion,Girtin,bgirtinhi@usgs.gov,Male,Qingtong,Speech Pathologist
632,Hesther,Flintoff,hflintoffhj@irs.gov,Female,Wulong,Senior Sales Associate
633,Boothe,Steel,bsteelhk@trellian.com,Male,Mutengene,Senior Editor
634,Aymer,Kopelman,akopelmanhl@boston.com,Male,Isu,Pharmacist
635,Barbee,Garms,bgarmshm@wikipedia.org,Female,Changtan,Legal Assistant
636,Fax,Cuthbertson,fcuthbertsonhn@state.gov,Male,Mweka,Project Manager
637,Mikel,Ivatt,mivattho@spiegel.de,Male,Richard-Toll,Accounting Assistant III
638,Jessey,Boundey,jboundeyhp@mysql.com,Male,Tamanan,Programmer Analyst IV
639,Oran,Vittel,ovittelhq@mediafire.com,Male,Ţubarjal,Accounting Assistant IV
640,Jarrod,Slobom,jslobomhr@myspace.com,Male,Babak,Statistician I
641,Reube,Jubert,rjuberths@nsw.gov.au,Male,Selouane,Graphic Designer
642,Collie,Kolin,ckolinht@google.fr,Female,Avesta,Tax Accountant
643,Hanni,Valentinetti,hvalentinettihu@jimdo.com,Female,Nuoxizhi,Civil Engineer
644,Joni,Beauman,jbeaumanhv@cargocollective.com,Female,Uwajima,Social Worker
645,Herschel,Ivanets,hivanetshw@phoca.cz,Male,Arlington,Marketing Assistant
646,Torie,Kleine,tkleinehx@paginegialle.it,Female,Koronadal,Accounting Assistant II
647,Elsey,Zannolli,ezannollihy@earthlink.net,Female,Aydūn,Compensation Analyst
648,Terza,Gutcher,tgutcherhz@ow.ly,Female,Yuanyang,Programmer Analyst II
649,Meagan,Nolin,mnolini0@123-reg.co.uk,Female,Longquan,Structural Engineer
650,Linc,Tommaseo,ltommaseoi1@livejournal.com,Male,San Francisco de Macorís,Software Test Engineer IV
651,Ruben,Lusgdin,rlusgdini2@cbslocal.com,Male,San José de Río Tinto,Actuary
652,Kylynn,Smouten,ksmouteni3@altervista.org,Female,Modřice,Sales Associate
653,Godfrey,Hebron,ghebroni4@gravatar.com,Male,Mirkovci,VP Marketing
654,Danie,Churching,dchurchingi5@drupal.org,Male,Washington,Nurse Practicioner
655,Noemi,Yerlett,nyerletti6@trellian.com,Female,Gamping Lor,Editor
656,Dalia,Vero,dveroi7@lulu.com,Female,Khadzhalmakhi,Budget/Accounting Analyst III
657,Alexandra,Rooson,aroosoni8@webmd.com,Female,Markowa,Civil Engineer
658,Emiline,Ivanenko,eivanenkoi9@google.fr,Female,Ashibetsu,Marketing Manager
659,Brittany,Whiteson,bwhitesonia@skype.com,Female,Serravalle,Programmer Analyst I
660,Jimmie,Cristofaro,jcristofaroib@sbwire.com,Male,Marcala,Software Consultant
661,Tallie,Rubbert,trubbertic@dropbox.com,Female,Palanit,VP Marketing
662,Wendy,Rushbrook,wrushbrookid@imgur.com,Female,Bitam,Senior Cost Accountant
663,Stefan,Langford,slangfordie@cafepress.com,Male,Banjar Ponggang,Operator
664,Karlee,McMorran,kmcmorranif@wikimedia.org,Female,Dhanot,Financial Analyst
665,Shayne,Livesley,slivesleyig@cyberchimps.com,Female,Sishui,Senior Sales Associate
666,Pascale,Culham,pculhamih@yahoo.co.jp,Male,Non Sang,Editor
667,Brnaby,Middlewick,bmiddlewickii@redcross.org,Male,Currais,Assistant Media Planner
668,Almeria,McNaught,amcnaughtij@360.cn,Polygender,Bipolo,Nurse Practicioner
669,Ailene,Volette,avoletteik@edublogs.org,Female,Non Sang,Chief Design Engineer
670,Kellyann,Lowrie,klowrieil@hc360.com,Female,Shibushi,Clinical Specialist
671,Karylin,Maffione,kmaffioneim@eepurl.com,Female,Ar Rawḑah,Financial Advisor
672,Sig,Pragnell,spragnellin@springer.com,Male,Lelydorp,Compensation Analyst
673,Carrol,Mosson,cmossonio@state.gov,Male,Ketanggi,Financial Advisor
674,Obie,Ruddock,oruddockip@economist.com,Male,Yizhang Chengguanzhen,Office Assistant I
675,Emeline,Bartczak,ebartczakiq@behance.net,Female,Kostyantynivka,Biostatistician I
676,Franchot,Koba,fkobair@ca.gov,Male,Hai’an,Project Manager
677,Biron,Tytherton,btythertonis@sciencedaily.com,Male,Langtou,Information Systems Manager
678,Raphaela,McManus,rmcmanusit@ftc.gov,Non-binary,Velyka Pysarivka,Health Coach II
679,Ree,Bunhill,rbunhilliu@wsj.com,Female,Barqueiro,Software Test Engineer II
680,Sayers,Kem,skemiv@china.com.cn,Male,Oum Hadjer,Statistician III
681,Ingaberg,Seyers,iseyersiw@i2i.jp,Female,Shevchenkove,Geologist I
682,Carlin,Bittlestone,cbittlestoneix@washington.edu,Female,Ferme-Neuve,Sales Associate
683,Benoit,Thurgood,bthurgoodiy@hugedomains.com,Male,Fangfan,Systems Administrator IV
684,Denice,Henriques,dhenriquesiz@wired.com,Female,Ḩawsh ‘Īsá,Speech Pathologist
685,Alard,Lortz,alortzj0@blogtalkradio.com,Non-binary,Dajalorong,Food Chemist
686,Hasheem,Threadgold,hthreadgoldj1@illinois.edu,Male,Nyaungdon,Sales Associate
687,Leta,Ginnally,lginnallyj2@globo.com,Female,Kutacane,Structural Engineer
688,Bertrando,Shekle,bsheklej3@163.com,Male,Prado,Payment Adjustment Coordinator
689,Sari,Vondra,svondraj4@va.gov,Non-binary,Baratã,Technical Writer
690,Orly,Wife,owifej5@independent.co.uk,Non-binary,Dromiskin,Dental Hygienist
691,Wilone,Giaomozzo,wgiaomozzoj6@globo.com,Polygender,Krajan,VP Accounting
692,Melisande,Matelyunas,mmatelyunasj7@booking.com,Female,Wojaszówka,Business Systems Development Analyst
693,Thurston,Vaissiere,tvaissierej8@technorati.com,Male,Ros’,Product Engineer
694,Sal,Dilloway,sdillowayj9@unc.edu,Bigender,Dranoc,Marketing Assistant
695,Carlie,MacAdam,cmacadamja@sourceforge.net,Male,São Lourenço do Sul,Electrical Engineer
696,Derwin,Spottiswood,dspottiswoodjb@sfgate.com,Male,Varniai,Software Engineer I
697,Evangelin,Dennert,edennertjc@google.ru,Female,Notranje Gorice,Automation Specialist I
698,Astrid,Faas,afaasjd@addtoany.com,Genderqueer,Arkalyk,Assistant Professor
699,Avril,McNulty,amcnultyje@google.ru,Female,Saint-Étienne,Quality Engineer
700,Josey,Crumley,jcrumleyjf@wufoo.com,Female,Kungshamn,Software Test Engineer I
701,Godard,Veljes,gveljesjg@storify.com,Male,Tomas,Account Executive
702,Mikael,Paddemore,mpaddemorejh@hexun.com,Male,Roche-à-Bateau,Computer Systems Analyst II
703,Hatti,Lamborne,hlamborneji@shareasale.com,Female,Tambakromo,Analyst Programmer
704,Valery,Wanless,vwanlessjj@miibeian.gov.cn,Female,Oulmes,Budget/Accounting Analyst II
705,Worth,Winkless,wwinklessjk@mediafire.com,Male,Itajuípe,Dental Hygienist
706,Krysta,Bucham,kbuchamjl@sina.com.cn,Polygender,Gaopu,Electrical Engineer
707,Averell,Flemmich,aflemmichjm@list-manage.com,Male,Tiznit,Structural Engineer
708,Claudell,Shermar,cshermarjn@wisc.edu,Male,Bejuco,Assistant Media Planner
709,Jaye,Halle,jhallejo@intel.com,Genderfluid,Jimo,Sales Associate
710,Hulda,Rosso,hrossojp@addtoany.com,Female,Raksajaya,Software Test Engineer I
711,Tawnya,Marikhin,tmarikhinjq@nsw.gov.au,Female,Manta,Administrative Officer
712,Nels,Tringham,ntringhamjr@nyu.edu,Male,KwaMbonambi,Executive Secretary
713,Diane,Lovel,dloveljs@domainmarket.com,Polygender,Jiyizhuang,Assistant Professor
714,Darlene,Briat,dbriatjt@ed.gov,Female,Sukasari,Software Consultant
715,Scott,Saye,ssayeju@mail.ru,Male,Bromma,Environmental Specialist
716,Melamie,Gaylord,mgaylordjv@cdbaby.com,Female,Ukata,Database Administrator III
717,Inigo,Dibbe,idibbejw@tripadvisor.com,Agender,Jizhou,Financial Advisor
718,Kristoforo,Pavey,kpaveyjx@yolasite.com,Male,Jalanbaru,Software Test Engineer II
719,Shel,Spehr,sspehrjy@taobao.com,Female,San Felipe,Nurse
720,Barnebas,Cutajar,bcutajarjz@baidu.com,Bigender,Maumere,Chemical Engineer
721,Terrence,Ick,tickk0@opera.com,Male,Petroúpolis,Associate Professor
722,Mamie,Cushe,mcushek1@goodreads.com,Female,Changtang,Editor
723,Corrina,Bunt,cbuntk2@mac.com,Female,Mandapajaya,Human Resources Assistant IV
724,Mitchael,Farndell,mfarndellk3@typepad.com,Male,Fiditi,Sales Associate
725,Lia,Upwood,lupwoodk4@1688.com,Female,Chong’ansi,Nurse Practicioner
726,Adolphus,Linton,alintonk5@cyberchimps.com,Male,Yalukou,Internal Auditor
727,Dorita,Mattersley,dmattersleyk6@digg.com,Female,Muzhijie,GIS Technical Architect
728,Dyane,Heathcote,dheathcotek7@wikimedia.org,Female,Uspenskoye,Programmer III
729,Eugenius,Dreghorn,edreghornk8@alexa.com,Male,Essen,Administrative Assistant II
730,Susanne,aManger,samangerk9@yelp.com,Female,Gwaram,Accounting Assistant I
731,Gus,Cramb,gcrambka@loc.gov,Female,Mrongi Daja,Senior Editor
732,Klara,Pimerick,kpimerickkb@earthlink.net,Female,Calomboyan,Software Test Engineer IV
733,Zena,Braundt,zbraundtkc@sfgate.com,Female,Brka,Product Engineer
734,Emelen,Fazzioli,efazziolikd@tuttocitta.it,Male,Fukuechō,VP Marketing
735,Jethro,Giordano,jgiordanoke@businessinsider.com,Male,Monte Branco,Senior Developer
736,Kara-lynn,Tuffs,ktuffskf@hibu.com,Female,Potoru,VP Sales
737,Aurelea,MacConnal,amacconnalkg@adobe.com,Female,Pokrovka,Cost Accountant
738,Binni,Bordman,bbordmankh@gov.uk,Female,Caleta Cruz,Operator
739,Ashia,Mabon,amabonki@quantcast.com,Female,Tārūt,Physical Therapy Assistant
740,Garey,Barbey,gbarbeykj@amazon.de,Male,Nové Město pod Smrkem,Structural Analysis Engineer
741,Padgett,Rosson,prossonkk@weebly.com,Male,Gaur,Project Manager
742,Regen,Clementet,rclementetkl@oaic.gov.au,Male,Ficksburg,Electrical Engineer
743,Anissa,MacFayden,amacfaydenkm@senate.gov,Female,Bárrio,Project Manager
744,Harlene,Themann,hthemannkn@hud.gov,Female,Lékoni,Internal Auditor
745,Mord,Vickars,mvickarsko@ebay.co.uk,Male,Tenkodogo,Graphic Designer
746,Tamas,Ewbanks,tewbankskp@buzzfeed.com,Male,Ochla,Dental Hygienist
747,Twila,Heakins,theakinskq@marriott.com,Female,Santo Tomas,Automation Specialist I
748,Bennie,MacKimmie,bmackimmiekr@fastcompany.com,Female,Daxindian,Staff Scientist
749,Rosetta,Asprey,raspreyks@google.fr,Female,Wongaya Kaja,Nurse
750,Zared,Caser,zcaserkt@miibeian.gov.cn,Non-binary,Krajan,Civil Engineer
751,Aryn,Gunthorp,agunthorpku@webmd.com,Female,Fredrikstad,Chief Design Engineer
752,Georgie,Orford,gorfordkv@prweb.com,Male,Buenos Aires,Structural Engineer
753,Mar,Magson,mmagsonkw@lulu.com,Male,Tieshan,Budget/Accounting Analyst I
754,Sula,Crass,scrasskx@miitbeian.gov.cn,Female,Sępopol,Help Desk Technician
755,Edgard,Pitrelli,epitrelliky@hibu.com,Bigender,Flores da Cunha,Research Associate
756,Aubry,Barensen,abarensenkz@gizmodo.com,Female,Sulechów,Senior Quality Engineer
757,Lorry,Summerbell,lsummerbelll0@discovery.com,Female,Karangsuko,Software Engineer III
758,Haleigh,Rodrig,hrodrigl1@flavors.me,Male,Höviyn Am,Chief Design Engineer
759,Cori,Rosengarten,crosengartenl2@stumbleupon.com,Male,Pandean,Web Developer III
760,Maible,Millett,mmillettl3@guardian.co.uk,Female,Kokstad,Technical Writer
761,Emmaline,Korneluk,ekornelukl4@comcast.net,Female,Omoku,Accountant III
762,Aristotle,Livett,alivettl5@4shared.com,Genderqueer,Kardítsa,Project Manager
763,Shurlocke,Linguard,slinguardl6@ow.ly,Male,Juancheng,Senior Quality Engineer
764,Delbert,Figin,dfiginl7@theatlantic.com,Male,Mayumba,Help Desk Technician
765,Melesa,Knagges,mknaggesl8@webnode.com,Female,Koksovyy,Quality Engineer
766,Tyrus,Bramham,tbramhaml9@t.co,Male,Kurungannyawa,Assistant Media Planner
767,Nicolas,Bragg,nbraggla@feedburner.com,Male,Rambouillet,Budget/Accounting Analyst II
768,Rina,Wellard,rwellardlb@about.me,Female,Kista,Sales Associate
769,Hanny,Vasyushkhin,hvasyushkhinlc@independent.co.uk,Female,Anau,Assistant Manager
770,Brig,Henric,bhenricld@sun.com,Male,Zblewo,Senior Sales Associate
771,Tiffie,Arend,tarendle@moonfruit.com,Female,Las Palmas,Recruiter
772,Natale,Blaschek,nblascheklf@utexas.edu,Male,Raymond,Marketing Manager
773,Darcy,Janacek,djanaceklg@youtu.be,Female,Xindai,Biostatistician I
774,Shermy,Whittleton,swhittletonlh@ft.com,Male,Balongmulyo,VP Quality Control
775,Jamal,Balint,jbalintli@home.pl,Male,Kajansi,Recruiter
776,Jean,Gallimore,jgallimorelj@thetimes.co.uk,Male,Carrascal,Community Outreach Specialist
777,Gwendolen,Niesegen,gniesegenlk@walmart.com,Female,Shache,Senior Cost Accountant
778,Hesther,Readman,hreadmanll@google.co.jp,Female,Thị Trấn Thanh Lưu,Community Outreach Specialist
779,Wren,Sworder,wsworderlm@squarespace.com,Female,Komsomol’skiy,Junior Executive
780,Jessalyn,Domenici,jdomeniciln@tumblr.com,Female,Rathwire,Chemical Engineer
781,Orelie,Wolfendell,owolfendelllo@baidu.com,Female,Pljevlja,Technical Writer
782,Berty,Tamburo,btamburolp@illinois.edu,Male,Calape,Financial Analyst
783,Roseanna,Lenchenko,rlenchenkolq@issuu.com,Female,Kruty,Pharmacist
784,Percy,Shirtcliffe,pshirtcliffelr@sphinn.com,Male,Chwałowice,Staff Accountant II
785,Adolphe,Poytheras,apoytherasls@google.pl,Male,La Cuesta,Administrative Assistant III
786,Kyle,Bygraves,kbygraveslt@umn.edu,Non-binary,Rudky,Senior Quality Engineer
787,Lauren,Hasloch,lhaslochlu@github.io,Female,Guangshun,Database Administrator III
788,Griff,Giorgiutti,ggiorgiuttilv@illinois.edu,Male,Ébolowa,Payment Adjustment Coordinator
789,Tirrell,Malenfant,tmalenfantlw@i2i.jp,Male,Belyye Stolby,Programmer II
790,Amitie,McKernan,amckernanlx@discuz.net,Genderfluid,Sutukoba,Business Systems Development Analyst
791,Ozzy,Patifield,opatifieldly@nyu.edu,Bigender,Gahe,Software Test Engineer I
792,Caresa,Cavie,ccavielz@intel.com,Female,Yongfeng,Cost Accountant
793,Marianna,Colwill,mcolwillm0@ucsd.edu,Female,Santa Rosa,Nuclear Power Engineer
794,Yankee,McRavey,ymcraveym1@bloglovin.com,Male,Sosnovka,Geological Engineer
795,Benedetta,Swainger,bswaingerm2@eepurl.com,Female,Hanchang,Paralegal
796,Pauly,Gration,pgrationm3@taobao.com,Male,Velké Hoštice,Safety Technician III
797,Eward,Tissington,etissingtonm4@google.co.jp,Male,Federal,Research Nurse
798,Kikelia,Mawtus,kmawtusm5@spotify.com,Female,Washington,Librarian
799,Consuelo,Bodker,cbodkerm6@goodreads.com,Female,Yablochnyy,Senior Editor
800,Gerda,Stillman,gstillmanm7@businessinsider.com,Female,Cran-Gevrier,Chemical Engineer
801,Justen,Watman,jwatmanm8@prnewswire.com,Male,Granadero Baigorria,Human Resources Assistant II
802,Randi,Cristofanini,rcristofaninim9@sakura.ne.jp,Male,Mariano Moreno,Recruiter
803,Annis,Pescud,apescudma@unc.edu,Bigender,Tingzhou,Associate Professor
804,Reinhard,Willavoys,rwillavoysmb@google.nl,Male,Cachoeiras de Macacu,Assistant Manager
805,Kerrin,MacIver,kmacivermc@acquirethisname.com,Female,Oropesa,Information Systems Manager
806,Aubert,Cantle,acantlemd@webeden.co.uk,Bigender,Zhanghuban,VP Quality Control
807,Ramsay,Jolland,rjollandme@irs.gov,Male,Creil,Geologist III
808,Marielle,Asher,mashermf@wp.com,Female,Nuing,Occupational Therapist
809,Ninnette,Nickolls,nnickollsmg@usa.gov,Female,Chornobay,Staff Accountant IV
810,Maxim,O'Dea,modeamh@twitpic.com,Male,Ban Fang,Compensation Analyst
811,Madeline,Tabner,mtabnermi@flavors.me,Genderfluid,Hongyi,Clinical Specialist
812,Pru,Purviss,ppurvissmj@wikia.com,Female,Lubichowo,General Manager
813,Ron,Friatt,rfriattmk@theatlantic.com,Male,Karangwungu Lor,Geologist II
814,Sioux,Cumberledge,scumberledgeml@edublogs.org,Female,Cisompet,Structural Engineer
815,Sheela,Rosettini,srosettinimm@bigcartel.com,Female,Ibiporã,VP Quality Control
816,Winnie,Marham,wmarhammn@comsenz.com,Male,Francisco J Mujica,Technical Writer
817,Bordie,Jasiak,bjasiakmo@discovery.com,Male,Itigi,Senior Sales Associate
818,Kare,Ricardin,kricardinmp@va.gov,Female,Kaduheuleut,Senior Financial Analyst
819,Sigfried,Eaglesham,seagleshammq@tinypic.com,Agender,Pandean,General Manager
820,Micah,Ebunoluwa,mebunoluwamr@marriott.com,Male,Hezhai,Legal Assistant
821,Conan,Champness,cchampnessms@cocolog-nifty.com,Male,Souillac,Business Systems Development Analyst
822,Camey,Chieco,cchiecomt@fotki.com,Male,Évry,Programmer I
823,Dionysus,Chester,dchestermu@wisc.edu,Male,Järfälla,General Manager
824,Tyrone,Glencrash,tglencrashmv@ox.ac.uk,Male,Mahe,GIS Technical Architect
825,Krystal,Mugleston,kmuglestonmw@cdc.gov,Female,Trinidad,Automation Specialist II
826,Eldridge,Utterson,euttersonmx@gmpg.org,Male,Lunéville,Speech Pathologist
827,Hetty,Brentnall,hbrentnallmy@friendfeed.com,Female,Cunday,Staff Accountant I
828,Zea,Northcote,znorthcotemz@tripadvisor.com,Female,Shixian,VP Sales
829,Leonora,Lauder,llaudern0@blinklist.com,Female,Tandzut,Chief Design Engineer
830,Jacqui,Meltetal,jmeltetaln1@paginegialle.it,Polygender,Kerbuyan,Executive Secretary
831,Kellen,La Grange,klagrangen2@sphinn.com,Male,Mundybash,Electrical Engineer
832,Grete,Bakewell,gbakewelln3@who.int,Female,Orsha,Help Desk Technician
833,Micah,Foukx,mfoukxn4@omniture.com,Male,Merke,Business Systems Development Analyst
834,Onfroi,Tiron,otironn5@businessinsider.com,Male,Pailou,Chief Design Engineer
835,Sonny,Grgic,sgrgicn6@sphinn.com,Female,San Lucas Sacatepéquez,Accounting Assistant I
836,Deerdre,O'Doherty,dodohertyn7@rakuten.co.jp,Female,Baiyang,Social Worker
837,Patrice,Worters,pwortersn8@spiegel.de,Male,Cruz,Help Desk Technician
838,Damien,Reach,dreachn9@desdev.cn,Male,Yinhe,Tax Accountant
839,Almire,Blackader,ablackaderna@joomla.org,Non-binary,La Sarre,Administrative Assistant I
840,Winnah,Jerzak,wjerzaknb@printfriendly.com,Female,Klau,Quality Engineer
841,Julie,Lankester,jlankesternc@gravatar.com,Male,Anzihao,Recruiting Manager
842,Alethea,Sinney,asinneynd@noaa.gov,Female,Xinqiao,Director of Sales
843,Husein,Strathe,hstrathene@youtube.com,Male,Mohoro,Legal Assistant
844,Kiele,Huxtable,khuxtablenf@slate.com,Female,Rawasan,Assistant Media Planner
845,Cosme,Medlicott,cmedlicottng@behance.net,Male,Kuala Lumpur,Paralegal
846,Joceline,Pentecust,jpentecustnh@nymag.com,Female,Zhicheng,Structural Engineer
847,Marissa,McAlindon,mmcalindonni@photobucket.com,Female,Shangjing,Occupational Therapist
848,Alla,Feldman,afeldmannj@photobucket.com,Non-binary,Toledo,Software Engineer II
849,Joane,Tomankiewicz,jtomankiewicznk@samsung.com,Female,Nandasmo,Software Engineer III
850,Arther,Rowdell,arowdellnl@ebay.com,Male,Chenda,Business Systems Development Analyst
851,Pren,de Najera,pdenajeranm@ibm.com,Male,Chengbei,VP Quality Control
852,Dominica,Full,dfullnn@cnet.com,Genderfluid,Ngrejo,Director of Sales
853,Lynnette,Wheatman,lwheatmanno@psu.edu,Non-binary,Ngluweng Dua,Programmer Analyst II
854,Connie,Irwin,cirwinnp@google.com.hk,Agender,Geidam,Dental Hygienist
855,Lorettalorna,Aronovich,laronovichnq@nhs.uk,Female,La Paz Centro,Software Engineer II
856,Hube,Tilston,htilstonnr@shinystat.com,Male,Lakatoro,Geologist II
857,Dixie,Bunton,dbuntonns@discovery.com,Female,Loangmaka,Programmer IV
858,Hagan,Funnell,hfunnellnt@nba.com,Male,Dongting,Software Engineer I
859,Gaylord,Liddall,gliddallnu@latimes.com,Male,Nguru,Occupational Therapist
860,Iain,Alcock,ialcocknv@jigsy.com,Male,Ping’an,Software Consultant
861,Letitia,Pluvier,lpluviernw@indiegogo.com,Female,Chengguan,GIS Technical Architect
862,Andra,Colmore,acolmorenx@360.cn,Female,Jiuhua,Food Chemist
863,Hamnet,Richardeau,hrichardeauny@java.com,Male,Horní Počaply,Director of Sales
864,Nicol,Enser,nensernz@illinois.edu,Male,Medveditskiy,Clinical Specialist
865,Timofei,Oldknow,toldknowo0@ehow.com,Male,Ignacio Zaragoza,Associate Professor
866,Kaspar,O'Sesnane,kosesnaneo1@com.com,Male,Kultayevo,Account Executive
867,Carin,Jopp,cjoppo2@addthis.com,Female,Al Badārī,Software Consultant
868,Karlotte,Scougall,kscougallo3@prlog.org,Female,Kraśniczyn,Social Worker
869,Janean,Klawi,jklawio4@dagondesign.com,Female,Jardoeira,Human Resources Manager
870,Jerrine,Curzey,jcurzeyo5@slashdot.org,Polygender,Pasto,Operator
871,Kordula,Tumayan,ktumayano6@mit.edu,Agender,Qingsong,Graphic Designer
872,Lock,Trevett,ltrevetto7@chicagotribune.com,Male,Huamali,Analog Circuit Design manager
873,Davy,MacMorland,dmacmorlando8@dagondesign.com,Male,Bratsigovo,Budget/Accounting Analyst II
874,Kendall,Casse,kcasseo9@zdnet.com,Male,Zhoupi,Financial Advisor
875,Ignacius,Brightey,ibrighteyoa@mlb.com,Male,Dīla,Chief Design Engineer
876,Julee,Podmore,jpodmoreob@cornell.edu,Female,Zhuting,Account Coordinator
877,Leena,Formigli,lformiglioc@merriam-webster.com,Female,Zaragoza,Software Engineer III
878,Katey,Apedaile,kapedaileod@ft.com,Female,Contramaestre,Design Engineer
879,Teodoor,Houliston,thoulistonoe@meetup.com,Male,Carice,Associate Professor
880,Bamby,Naul,bnaulof@merriam-webster.com,Female,Malešići,Accountant III
881,Orren,Plaistowe,oplaistoweog@constantcontact.com,Male,Maiduguri,Community Outreach Specialist
882,Vachel,Jori,vjorioh@a8.net,Male,Saint-Lambert-de-Lauzon,VP Sales
883,Corrinne,Ricoald,cricoaldoi@github.com,Female,Heřmanův Městec,Senior Quality Engineer
884,Gabriellia,Olenchenko,golenchenkooj@google.co.jp,Female,Tiko,Office Assistant II
885,Brodie,Coffee,bcoffeeok@slideshare.net,Male,Vukovar,Health Coach IV
886,Rochester,Walsom,rwalsomol@360.cn,Male,Sukadana,Internal Auditor
887,Shayne,Mitford,smitfordom@altervista.org,Female,Ipirá,Desktop Support Technician
888,Eldin,Magowan,emagowanon@stanford.edu,Male,Huangjiabu,Paralegal
889,Sherm,Ilive,siliveoo@mysql.com,Male,Ţawr al Bāḩah,Professor
890,Edan,Ferretti,eferrettiop@cornell.edu,Male,Ishinomaki,Sales Associate
891,Brodie,Dictus,bdictusoq@alibaba.com,Male,Banī Suwayf,Structural Engineer
892,Evvy,McGuggy,emcguggyor@domainmarket.com,Non-binary,Pegongan,Technical Writer
893,Ulrikaumeko,Weatherhill,uweatherhillos@utexas.edu,Female,Avlónas,Quality Engineer
894,Nonah,Verson,nversonot@theglobeandmail.com,Female,Huancheng,Senior Developer
895,Celestine,Pavlovsky,cpavlovskyou@a8.net,Bigender,Allanridge,Accountant III
896,Dorey,Giddins,dgiddinsov@csmonitor.com,Male,Az Zabadānī,Database Administrator I
897,Maria,Denis,mdenisow@nifty.com,Female,Salinungan Proper,Computer Systems Analyst II
898,Phillip,McCrow,pmccrowox@cnet.com,Male,Vnorovy,Business Systems Development Analyst
899,Dan,Tregenna,dtregennaoy@webeden.co.uk,Male,Évry,Operator
900,Joana,McShane,jmcshaneoz@ftc.gov,Female,Shklo,Safety Technician II
901,Rivkah,Gheorghescu,rgheorghescup0@bluehost.com,Female,Monaghan,Chief Design Engineer
902,Lara,Fullilove,lfullilovep1@hud.gov,Female,Ōtsuchi,Community Outreach Specialist
903,Hugo,Cansdall,hcansdallp2@cornell.edu,Male,Łopuszna,Financial Analyst
904,Orazio,McIlraith,omcilraithp3@last.fm,Male,Dunmanway,VP Marketing
905,Gwen,Pithcock,gpithcockp4@google.co.uk,Female,Kunvald,Nurse
906,Sosanna,Coop,scoopp5@hao123.com,Female,Pilpichaca,Budget/Accounting Analyst IV
907,Cynthie,Farnill,cfarnillp6@amazon.co.jp,Female,Zvezdara,Software Consultant
908,Taite,Burchett,tburchettp7@huffingtonpost.com,Male,Farsta,Human Resources Manager
909,Irwin,De Malchar,idemalcharp8@webeden.co.uk,Male,Nanmu,Chief Design Engineer
910,Nolie,Boyett,nboyettp9@psu.edu,Female,Aleksandrovsk-Sakhalinskiy,Physical Therapy Assistant
911,Franklin,McCaghan,fmccaghanpa@miibeian.gov.cn,Male,Kostrovo,Data Coordinator
912,Dorie,Brewin,dbrewinpb@buzzfeed.com,Non-binary,Hongde,Software Engineer III
913,Sander,Fawlks,sfawlkspc@chicagotribune.com,Male,Kassándreia,Internal Auditor
914,Morris,Elders,melderspd@tripadvisor.com,Male,Jorong,Software Engineer IV
915,Arlen,Reglar,areglarpe@wikimedia.org,Male,Vale,Web Developer IV
916,Vanda,Adamik,vadamikpf@ehow.com,Female,Dalai,Geological Engineer
917,Darice,Windram,dwindrampg@flickr.com,Female,Shigu,Chemical Engineer
918,Clementia,Reily,creilyph@engadget.com,Female,Bida,Occupational Therapist
919,Quent,Prowting,qprowtingpi@drupal.org,Male,Tianhu,Operator
920,Erminie,Hindrick,ehindrickpj@printfriendly.com,Female,Angoulême,Operator
921,Amerigo,Heighton,aheightonpk@deliciousdays.com,Male,Maco,Human Resources Manager
922,Nancey,Stonard,nstonardpl@icq.com,Female,Novogireyevo,Administrative Officer
923,Virgina,McGinnell,vmcginnellpm@alibaba.com,Polygender,Amiens,Quality Control Specialist
924,Bradford,Legister,blegisterpn@bing.com,Male,Burqah,Senior Cost Accountant
925,Peter,Bestar,pbestarpo@cornell.edu,Male,Měnín,Registered Nurse
926,Casey,Skala,cskalapp@quantcast.com,Bigender,Bocana de Paiwas,Research Associate
927,Patricia,Philps,pphilpspq@wunderground.com,Female,Izazi,Data Coordinator
928,Hansiain,Antic,hanticpr@spotify.com,Male,Harhorin,VP Quality Control
929,Maridel,Smitten,msmittenps@wordpress.org,Female,Pombal,Nurse Practicioner
930,Ricard,Cotilard,rcotilardpt@alexa.com,Male,Zhuxi Chengguanzhen,Professor
931,Osbourn,Sneden,osnedenpu@washingtonpost.com,Male,Courelas Bravas,Senior Editor
932,George,Weed,gweedpv@yandex.ru,Female,Łazy,Speech Pathologist
933,Tito,Deble,tdeblepw@ucoz.ru,Male,Vänersborg,Chief Design Engineer
934,Viola,Tolputt,vtolputtpx@meetup.com,Female,Guarapari,Nurse
935,Hubey,Sacks,hsackspy@pbs.org,Male,Bureng,Accounting Assistant I
936,Rodrique,Dripps,rdrippspz@wikimedia.org,Male,Borås,Product Engineer
937,Natalina,Meese,nmeeseq0@surveymonkey.com,Female,Luoshanchuan,Biostatistician I
938,Amie,Olenchenko,aolenchenkoq1@clickbank.net,Female,Cartago,Data Coordinator
939,Amargo,Birdall,abirdallq2@apache.org,Female,Cegłów,Database Administrator III
940,Desiri,Rosen,drosenq3@dedecms.com,Genderqueer,Dassa-Zoumé,Cost Accountant
941,Maurits,Grewes,mgrewesq4@ycombinator.com,Male,Mochumí,Assistant Professor
942,Pearle,Songest,psongestq5@fda.gov,Female,Zhouyuan,Budget/Accounting Analyst III
943,Vivianne,Rumke,vrumkeq6@csmonitor.com,Female,Laborie,Systems Administrator IV
944,Ariela,Trehearne,atrehearneq7@amazon.de,Female,Curpahuasi,Pharmacist
945,Vassili,Seeney,vseeneyq8@upenn.edu,Male,Zhen’an,VP Accounting
946,Rodrigo,Franzonello,rfranzonelloq9@abc.net.au,Male,Masjed Soleymān,Design Engineer
947,Ernesta,Rollitt,erollittqa@twitter.com,Female,Venlo,Quality Control Specialist
948,Anastasia,Fibbens,afibbensqb@edublogs.org,Female,El Carril,Tax Accountant
949,Hattie,Rowswell,hrowswellqc@economist.com,Non-binary,Zaragoza,Developer III
950,Leeanne,Fannin,lfanninqd@networkadvertising.org,Genderfluid,Boa Esperança,Database Administrator IV
951,Annemarie,Yakushkev,ayakushkevqe@scientificamerican.com,Female,Zakamensk,Automation Specialist I
952,Pavla,Wallace,pwallaceqf@nsw.gov.au,Female,Camiling,Paralegal
953,Heywood,Pitherick,hpitherickqg@google.ca,Male,Bagumbayan,Editor
954,Dyan,Bayston,dbaystonqh@artisteer.com,Polygender,Rufino,Research Assistant III
955,Consuelo,Guppy,cguppyqi@php.net,Female,Quilo-quilo,Professor
956,Sonnie,Shearme,sshearmeqj@adobe.com,Male,Anningqu,Paralegal
957,Ilse,Proud,iproudqk@macromedia.com,Female,Villejuif,Engineer III
958,Tabor,Ashenhurst,tashenhurstql@hp.com,Male,Ninghai,Developer II
959,Berk,Mountjoy,bmountjoyqm@wp.com,Male,Pentaplátano,Speech Pathologist
960,Silas,Element,selementqn@go.com,Male,Lututów,Web Developer II
961,Earl,Fache,efacheqo@soundcloud.com,Male,Presidencia Roque Sáenz Peña,Professor
962,Chalmers,Weetch,cweetchqp@mozilla.com,Male,Khlong Luang,Nurse
963,Aldrich,O'Malley,aomalleyqq@sbwire.com,Male,Letsheng,Environmental Tech
964,Valenka,Eyles,veylesqr@joomla.org,Female,Bulasa,Data Coordinator
965,Irwinn,Morshead,imorsheadqs@businessweek.com,Male,Besao,Project Manager
966,Lilian,Amthor,lamthorqt@apple.com,Female,Fuerte,Senior Editor
967,Cicely,Bowlesworth,cbowlesworthqu@patch.com,Female,Aragua de Barcelona,Assistant Professor
968,Abbie,Gamage,agamageqv@cbsnews.com,Female,Filothéi,Director of Sales
969,Guglielmo,Girhard,ggirhardqw@loc.gov,Male,Laliki,Paralegal
970,Viva,Barke,vbarkeqx@sakura.ne.jp,Female,Baiyin,Civil Engineer
971,Brew,McKinstry,bmckinstryqy@discuz.net,Male,Dubrovnik,Operator
972,Caldwell,Tompkinson,ctompkinsonqz@youtube.com,Male,Banyuurip,Teacher
973,Daven,Forst,dforstr0@answers.com,Male,San Diego,Database Administrator III
974,Jaquelin,Reaman,jreamanr1@hugedomains.com,Female,Hekou,Geological Engineer
975,Nonnah,Gioani,ngioanir2@msu.edu,Female,Podujeva,Help Desk Operator
976,Cordelia,Mudd,cmuddr3@buzzfeed.com,Female,Gaobu,Statistician III
977,Ludovika,Mac Geaney,lmacgeaneyr4@diigo.com,Polygender,Chirpan,Payment Adjustment Coordinator
978,Lulita,Bexley,lbexleyr5@usnews.com,Female,Chợ Mới,Internal Auditor
979,Roddy,Baudet,rbaudetr6@dailymail.co.uk,Male,Mikulovice,Assistant Media Planner
980,Teresa,Parmenter,tparmenterr7@oakley.com,Female,Habartov,Information Systems Manager
981,Riva,Menego,rmenegor8@netvibes.com,Female,Koltubanovskiy,Assistant Media Planner
982,Rik,Tickle,rtickler9@chicagotribune.com,Male,Jadowniki Mokre,Analyst Programmer
983,Kelwin,Rottger,krottgerra@japanpost.jp,Non-binary,Cut-cut Primero,Geologist I
984,Parnell,Rentilll,prentilllrb@xing.com,Male,Patimuan,Librarian
985,Gunner,Fashion,gfashionrc@psu.edu,Male,Balaogan,Project Manager
986,Rollins,Lumsdon,rlumsdonrd@acquirethisname.com,Male,Trondheim,Information Systems Manager
987,Diannne,Hazelton,dhazeltonre@ox.ac.uk,Female,Cabricán,Staff Accountant I
988,Aron,Clapton,aclaptonrf@phpbb.com,Male,Joliette,Editor
989,Filippo,Morforth,fmorforthrg@wikimedia.org,Male,Shaoguan,Analog Circuit Design manager
990,Tarrah,Agglione,tagglionerh@telegraph.co.uk,Female,Ajaccio,Software Engineer II
991,Guendolen,Heditch,gheditchri@yelp.com,Female,Nangaroro,Speech Pathologist
992,Dion,Tester,dtesterrj@theatlantic.com,Male,Tanamiting,Developer III
993,Sherwin,Bartelet,sbarteletrk@webnode.com,Polygender,Roissy Charles-de-Gaulle,Analog Circuit Design manager
994,Land,Grieves,lgrievesrl@aol.com,Male,Jiulong,Nurse Practicioner
995,Clemmy,Gostling,cgostlingrm@youku.com,Male,Dingzhai,Nurse
996,Wit,Boater,wboaterrn@hud.gov,Male,Mikuni,GIS Technical Architect
997,Dante,Jirieck,djirieckro@indiegogo.com,Male,Mabuhay,Help Desk Operator
998,Stacie,Djurkovic,sdjurkovicrp@harvard.edu,Female,Postupice,Project Manager
999,Gracie,Kinny,gkinnyrq@amazon.co.jp,Female,Gammad,Dental Hygienist
1000,Gran,Tilly,gtillyrr@newyorker.com,Male,Fenchen,VP Quality Control
